representation,split_seed,algorithm_A,algorithm_B,MAE_A,MAE_B,delta_MAE_B_minus_A
physchem10,1,svr,rf,0.30555437722465401,0.32232684383786481,0.016772466613210801
physchem10,2,svr,rf,0.30805911903879241,0.31703274607024901,0.0089736270314565991
physchem10,3,svr,rf,0.31693691497401888,0.3306218485852776,0.013684933611258721
physchem10,4,svr,rf,0.30732316598474868,0.30395768031091269,-0.0033654856738359884
physchem10,5,svr,rf,0.29880334304393152,0.3098911307183696,0.011087787674438077
physchem10,1,svr,et,0.30555437722465401,0.2952480083991556,-0.010306368825498402
physchem10,2,svr,et,0.30805911903879241,0.29241482449871992,-0.01564429454007249
physchem10,3,svr,et,0.31693691497401888,0.30029538605792228,-0.016641528916096604
physchem10,4,svr,et,0.30732316598474868,0.29150641038244418,-0.0158167556023045
physchem10,5,svr,et,0.29880334304393152,0.2828431326333587,-0.015960210410572828
physchem10,1,svr,xgb,0.30555437722465401,0.33098269043756828,0.025428313212914277
physchem10,2,svr,xgb,0.30805911903879241,0.33926175587969781,0.031202636840905407
physchem10,3,svr,xgb,0.31693691497401888,0.33512571978494837,0.018188804810929493
physchem10,4,svr,xgb,0.30732316598474868,0.31942050853217829,0.012097342547429613
physchem10,5,svr,xgb,0.29880334304393152,0.32070897539602428,0.021905632352092752
physchem10,1,rf,et,0.32232684383786481,0.2952480083991556,-0.027078835438709203
physchem10,2,rf,et,0.31703274607024901,0.29241482449871992,-0.024617921571529089
physchem10,3,rf,et,0.3306218485852776,0.30029538605792228,-0.030326462527355325
physchem10,4,rf,et,0.30395768031091269,0.29150641038244418,-0.012451269928468511
physchem10,5,rf,et,0.3098911307183696,0.2828431326333587,-0.027047998085010905
physchem10,1,rf,xgb,0.32232684383786481,0.33098269043756828,0.0086558465997034761
physchem10,2,rf,xgb,0.31703274607024901,0.33926175587969781,0.022229009809448808
physchem10,3,rf,xgb,0.3306218485852776,0.33512571978494837,0.0045038711996707725
physchem10,4,rf,xgb,0.30395768031091269,0.31942050853217829,0.015462828221265601
physchem10,5,rf,xgb,0.3098911307183696,0.32070897539602428,0.010817844677654676
physchem10,1,et,xgb,0.2952480083991556,0.33098269043756828,0.03573468203841268
physchem10,2,et,xgb,0.29241482449871992,0.33926175587969781,0.046846931380977896
physchem10,3,et,xgb,0.30029538605792228,0.33512571978494837,0.034830333727026097
physchem10,4,et,xgb,0.29150641038244418,0.31942050853217829,0.027914098149734112
physchem10,5,et,xgb,0.2828431326333587,0.32070897539602428,0.03786584276266558
rdkit2d,1,svr,rf,0.3329441669087071,0.31236170704167709,-0.020582459867030001
rdkit2d,2,svr,rf,0.32610983319254749,0.31037567069480798,-0.015734162497739512
rdkit2d,3,svr,rf,0.32671223962843982,0.3069931564990801,-0.019719083129359716
rdkit2d,4,svr,rf,0.31116497624290201,0.30970052162805711,-0.0014644546148449011
rdkit2d,5,svr,rf,0.30041394914220038,0.30206309895176731,0.0016491498095669299
rdkit2d,1,svr,et,0.3329441669087071,0.30369693732081798,-0.029247229587889112
rdkit2d,2,svr,et,0.32610983319254749,0.3005622482072649,-0.02554758498528259
rdkit2d,3,svr,et,0.32671223962843982,0.29665366145054972,-0.030058578177890094
rdkit2d,4,svr,et,0.31116497624290201,0.3034164770103786,-0.0077484992325234092
rdkit2d,5,svr,et,0.30041394914220038,0.28424099907173361,-0.016172950070466763
rdkit2d,1,svr,xgb,0.3329441669087071,0.31075698522315393,-0.02218718168555317
rdkit2d,2,svr,xgb,0.32610983319254749,0.27317944668280641,-0.052930386509741079
rdkit2d,3,svr,xgb,0.32671223962843982,0.30653228796269338,-0.020179951665746432
rdkit2d,4,svr,xgb,0.31116497624290201,0.29566782964370231,-0.015497146599199707
rdkit2d,5,svr,xgb,0.30041394914220038,0.30425841812321591,0.0038444689810155364
rdkit2d,1,rf,et,0.31236170704167709,0.30369693732081798,-0.0086647697208591112
rdkit2d,2,rf,et,0.31037567069480798,0.3005622482072649,-0.0098134224875430776
rdkit2d,3,rf,et,0.3069931564990801,0.29665366145054972,-0.010339495048530378
rdkit2d,4,rf,et,0.30970052162805711,0.3034164770103786,-0.0062840446176785081
rdkit2d,5,rf,et,0.30206309895176731,0.28424099907173361,-0.017822099880033693
rdkit2d,1,rf,xgb,0.31236170704167709,0.31075698522315393,-0.0016047218185231693
rdkit2d,2,rf,xgb,0.31037567069480798,0.27317944668280641,-0.037196224012001566
rdkit2d,3,rf,xgb,0.3069931564990801,0.30653228796269338,-0.00046086853638671599
rdkit2d,4,rf,xgb,0.30970052162805711,0.29566782964370231,-0.014032691984354806
rdkit2d,5,rf,xgb,0.30206309895176731,0.30425841812321591,0.0021953191714486064
rdkit2d,1,et,xgb,0.30369693732081798,0.31075698522315393,0.0070600479023359419
rdkit2d,2,et,xgb,0.3005622482072649,0.27317944668280641,-0.027382801524458489
rdkit2d,3,et,xgb,0.29665366145054972,0.30653228796269338,0.0098786265121436623
rdkit2d,4,et,xgb,0.3034164770103786,0.29566782964370231,-0.0077486473666762978
rdkit2d,5,et,xgb,0.28424099907173361,0.30425841812321591,0.020017419051482299
morgan_r2_2048,1,svr,rf,0.40189501424392271,0.42301222312134151,0.021117208877418803
morgan_r2_2048,2,svr,rf,0.40507126074045779,0.41133218583597431,0.0062609250955165119
morgan_r2_2048,3,svr,rf,0.41445533288149661,0.47827970563990152,0.063824372758404913
morgan_r2_2048,4,svr,rf,0.40824590223925039,0.42725127903543891,0.019005376796188522
morgan_r2_2048,5,svr,rf,0.4157755144546354,0.40220638346788662,-0.013569130986748779
morgan_r2_2048,1,svr,et,0.40189501424392271,0.40765051493188992,0.0057555006879672077
morgan_r2_2048,2,svr,et,0.40507126074045779,0.3938766443052879,-0.011194616435169891
morgan_r2_2048,3,svr,et,0.41445533288149661,0.44203683735199162,0.027581504470495011
morgan_r2_2048,4,svr,et,0.40824590223925039,0.41086492084970022,0.0026190186104498303
morgan_r2_2048,5,svr,et,0.4157755144546354,0.40255413103536902,-0.013221383419266375
morgan_r2_2048,1,svr,xgb,0.40189501424392271,0.40789201154617483,0.0059969973022521161
morgan_r2_2048,2,svr,xgb,0.40507126074045779,0.42865994658880552,0.023588685848347724
morgan_r2_2048,3,svr,xgb,0.41445533288149661,0.49524897907818799,0.080793646196691382
morgan_r2_2048,4,svr,xgb,0.40824590223925039,0.38067227096550921,-0.027573631273741184
morgan_r2_2048,5,svr,xgb,0.4157755144546354,0.41852008333089641,0.002744568876261011
morgan_r2_2048,1,rf,et,0.42301222312134151,0.40765051493188992,-0.015361708189451595
morgan_r2_2048,2,rf,et,0.41133218583597431,0.3938766443052879,-0.017455541530686403
morgan_r2_2048,3,rf,et,0.47827970563990152,0.44203683735199162,-0.036242868287909902
morgan_r2_2048,4,rf,et,0.42725127903543891,0.41086492084970022,-0.016386358185738692
morgan_r2_2048,5,rf,et,0.40220638346788662,0.40255413103536902,0.00034774756748240376
morgan_r2_2048,1,rf,xgb,0.42301222312134151,0.40789201154617483,-0.015120211575166687
morgan_r2_2048,2,rf,xgb,0.41133218583597431,0.42865994658880552,0.017327760752831212
morgan_r2_2048,3,rf,xgb,0.47827970563990152,0.49524897907818799,0.01696927343828647
morgan_r2_2048,4,rf,xgb,0.42725127903543891,0.38067227096550921,-0.046579008069929706
morgan_r2_2048,5,rf,xgb,0.40220638346788662,0.41852008333089641,0.01631369986300979
morgan_r2_2048,1,et,xgb,0.40765051493188992,0.40789201154617483,0.00024149661428490843
morgan_r2_2048,2,et,xgb,0.3938766443052879,0.42865994658880552,0.034783302283517614
morgan_r2_2048,3,et,xgb,0.44203683735199162,0.49524897907818799,0.053212141726196371
morgan_r2_2048,4,et,xgb,0.41086492084970022,0.38067227096550921,-0.030192649884191014
morgan_r2_2048,5,et,xgb,0.40255413103536902,0.41852008333089641,0.015965952295527386
