experiment_id,representation,algorithm,benchmark_protocol,split_seed,model_seed,run_name,MAE,RMSE,R2,Pearson_r,Spearman_rho
B00_NULL_MEAN,none,null,tdc_compatible_5split,1,,split_seed_1,0.56387678875308378,0.6931277574954936,-0.01977813312190424,,
B00_NULL_MEAN,none,null,tdc_compatible_5split,2,,split_seed_2,0.56199753554004872,0.69090283427991417,-0.013241714931303994,,
B00_NULL_MEAN,none,null,tdc_compatible_5split,3,,split_seed_3,0.56630258723842886,0.6965061820706967,-0.029743510572799448,,
B00_NULL_MEAN,none,null,tdc_compatible_5split,4,,split_seed_4,0.56540275038642684,0.69519762577568989,-0.025877897874279299,,
B00_NULL_MEAN,none,null,tdc_compatible_5split,5,,split_seed_5,0.56422737034260895,0.69357924635314294,-0.021107089906148513,,
B01_NULL_MEDIAN,none,null,tdc_compatible_5split,1,,split_seed_1,0.58258339835164841,0.72301091796278749,-0.10960606963414787,,
B01_NULL_MEDIAN,none,null,tdc_compatible_5split,2,,split_seed_2,0.57751723571428604,0.71447878824618039,-0.083572045346750334,,
B01_NULL_MEDIAN,none,null,tdc_compatible_5split,3,,split_seed_3,0.58626414340659327,0.72946682508212579,-0.12951032214116553,,
B01_NULL_MEDIAN,none,null,tdc_compatible_5split,4,,split_seed_4,0.58277615439560448,0.72335622463667804,-0.11066620819663342,,
B01_NULL_MEDIAN,none,null,tdc_compatible_5split,5,,split_seed_5,0.58258339835164841,0.72301091796278749,-0.10960606963414787,,
B10_PC10_RIDGE,physchem10,ridge,tdc_compatible_5split,1,,split_seed_1,0.37008081776530966,0.44192317913941259,0.58545405143910623,0.77734686051130575,0.73018120690645072
B10_PC10_RIDGE,physchem10,ridge,tdc_compatible_5split,2,,split_seed_2,0.37156054770269537,0.44318830864341346,0.58307714507107589,0.77483535389559821,0.72215457290162377
B10_PC10_RIDGE,physchem10,ridge,tdc_compatible_5split,3,,split_seed_3,0.36387236695774516,0.43779941152605573,0.59315455348744839,0.78050311076168233,0.72686372810617284
B10_PC10_RIDGE,physchem10,ridge,tdc_compatible_5split,4,,split_seed_4,0.36210783427792981,0.43726204643804556,0.59415268350325201,0.78065319756498808,0.7369892281794701
B10_PC10_RIDGE,physchem10,ridge,tdc_compatible_5split,5,,split_seed_5,0.37211817731036712,0.44657497015043424,0.57668089577169912,0.77557346246750591,0.73178944328557538
B11_PC10_SVR,physchem10,svr,tdc_compatible_5split,1,,split_seed_1,0.30555437722465406,0.36906125790519817,0.71088140280109191,0.84420128812434092,0.81544749896116775
B11_PC10_SVR,physchem10,svr,tdc_compatible_5split,2,,split_seed_2,0.30805911903879246,0.36662861114457751,0.71468025974037375,0.84606467820261455,0.81915336663564919
B11_PC10_SVR,physchem10,svr,tdc_compatible_5split,3,,split_seed_3,0.31693691497401894,0.37973233376919308,0.69392048149565433,0.83597280465210011,0.80127442496050305
B11_PC10_SVR,physchem10,svr,tdc_compatible_5split,4,,split_seed_4,0.30732316598474874,0.37116949799628568,0.70756882332947157,0.84385367104559061,0.8279510748873774
B11_PC10_SVR,physchem10,svr,tdc_compatible_5split,5,,split_seed_5,0.29880334304393152,0.36524987092770506,0.71682216637078677,0.84994343000941153,0.81456212617943136
B12_PC10_RF,physchem10,rf,tdc_compatible_5split,1,,split_seed_1,0.32232684383786486,0.40734000868401021,0.64779683905013385,0.81425338558975247,0.7662137172916349
B12_PC10_RF,physchem10,rf,tdc_compatible_5split,2,,split_seed_2,0.31703274607024901,0.40160215095698837,0.65764933711756801,0.81654599322820798,0.77329436384584316
B12_PC10_RF,physchem10,rf,tdc_compatible_5split,3,,split_seed_3,0.3306218485852776,0.42466517199498865,0.61719958303887146,0.80092687611776592,0.76012136943252806
B12_PC10_RF,physchem10,rf,tdc_compatible_5split,4,,split_seed_4,0.30395768031091275,0.39539596941035088,0.6681486501819105,0.82546188801470732,0.80411811366238772
B12_PC10_RF,physchem10,rf,tdc_compatible_5split,5,,split_seed_5,0.3098911307183696,0.39603311627462084,0.66707828821316872,0.82229871102534791,0.77968090758290642
B13_PC10_ET,physchem10,et,tdc_compatible_5split,1,,split_seed_1,0.29524800839915566,0.36990391878186091,0.70955963272195555,0.84606464141653182,0.82057014552221508
B13_PC10_ET,physchem10,et,tdc_compatible_5split,2,,split_seed_2,0.29241482449871992,0.36626681034453584,0.71524310711435213,0.84807776089637921,0.81833724867223301
B13_PC10_ET,physchem10,et,tdc_compatible_5split,3,,split_seed_3,0.30029538605792239,0.38214024518347972,0.69002642757355415,0.83313256540205871,0.79901107267589477
B13_PC10_ET,physchem10,et,tdc_compatible_5split,4,,split_seed_4,0.29150641038244424,0.3805353520022946,0.69262458280576267,0.84065499771633012,0.82298554354394626
B13_PC10_ET,physchem10,et,tdc_compatible_5split,5,,split_seed_5,0.2828431326333587,0.35825671389680719,0.72756193391007962,0.85630819139037828,0.83196799192616511
B14_PC10_XGB,physchem10,xgb,tdc_compatible_5split,1,,split_seed_1,0.33098269043756839,0.41401468722040718,0.63615986110102751,0.80385774940349219,0.75437906480448147
B14_PC10_XGB,physchem10,xgb,tdc_compatible_5split,2,,split_seed_2,0.33926175587969781,0.42361472834898267,0.61909101641292463,0.7951482328367292,0.76100395706639767
B14_PC10_XGB,physchem10,xgb,tdc_compatible_5split,3,,split_seed_3,0.33512571978494843,0.43066013674223419,0.60631536911193207,0.79016244892966514,0.74258230873550557
B14_PC10_XGB,physchem10,xgb,tdc_compatible_5split,4,,split_seed_4,0.31942050853217835,0.39694722876961974,0.66553963346626011,0.82090808240482471,0.79998840135520799
B14_PC10_XGB,physchem10,xgb,tdc_compatible_5split,5,,split_seed_5,0.32070897539602439,0.39905317965552556,0.66198134918750562,0.82037766507771748,0.78404497931828876
B20_RDKIT2D_RIDGE,rdkit2d,ridge,tdc_compatible_5split,1,,split_seed_1,0.37668245392906446,0.43791281130979748,0.59294376215431677,0.78374938781060055,0.70217903539779347
B20_RDKIT2D_RIDGE,rdkit2d,ridge,tdc_compatible_5split,2,,split_seed_2,0.3848847574104432,0.45230628494618624,0.56574546993373176,0.77703261035627336,0.67795316145360729
B20_RDKIT2D_RIDGE,rdkit2d,ridge,tdc_compatible_5split,3,,split_seed_3,0.45684862383221403,0.5609941299497857,0.33197033781892715,0.68890775904020718,0.56461433467991018
B20_RDKIT2D_RIDGE,rdkit2d,ridge,tdc_compatible_5split,4,,split_seed_4,0.38488806870118608,0.45398799806875012,0.56251027639768614,0.77503431793287825,0.67970319083269604
B20_RDKIT2D_RIDGE,rdkit2d,ridge,tdc_compatible_5split,5,,split_seed_5,0.37599327424515072,0.44923007245658653,0.57163226191411542,0.77767633808412562,0.68443603750312054
B21_RDKIT2D_SVR,rdkit2d,svr,tdc_compatible_5split,1,,split_seed_1,0.3329441669087071,0.41280286060719013,0.63828667399140204,0.83359833529507699,0.81606430349246017
B21_RDKIT2D_SVR,rdkit2d,svr,tdc_compatible_5split,2,,split_seed_2,0.32610983319254755,0.41078190606615633,0.64181967663627026,0.83845794203339119,0.82038347340518825
B21_RDKIT2D_SVR,rdkit2d,svr,tdc_compatible_5split,3,,split_seed_3,0.32671223962843982,0.40197420073425721,0.65701472653631476,0.82753456555677052,0.79845959805271371
B21_RDKIT2D_SVR,rdkit2d,svr,tdc_compatible_5split,4,,split_seed_4,0.31116497624290207,0.39291884567093416,0.67229366896211862,0.84900884184515424,0.83375613584964259
B21_RDKIT2D_SVR,rdkit2d,svr,tdc_compatible_5split,5,,split_seed_5,0.30041394914220049,0.3642292089932998,0.71840259130337369,0.85625589872301877,0.8309429082104941
B22_RDKIT2D_RF,rdkit2d,rf,tdc_compatible_5split,1,,split_seed_1,0.31236170704167715,0.37802325261615116,0.69666945747205089,0.83507258678523755,0.80456495615417023
B22_RDKIT2D_RF,rdkit2d,rf,tdc_compatible_5split,2,,split_seed_2,0.31037567069480804,0.37668165858563579,0.69881866031340101,0.8376103224993724,0.81353703602295413
B22_RDKIT2D_RF,rdkit2d,rf,tdc_compatible_5split,3,,split_seed_3,0.30699315649908016,0.37635666807647317,0.69933813796867317,0.83694995708052278,0.80058489805480526
B22_RDKIT2D_RF,rdkit2d,rf,tdc_compatible_5split,4,,split_seed_4,0.30970052162805711,0.38217728417383146,0.68996633620810899,0.83117799621716892,0.81380211951235282
B22_RDKIT2D_RF,rdkit2d,rf,tdc_compatible_5split,5,,split_seed_5,0.30206309895176731,0.36713708853360638,0.71388829077250637,0.84685411238954256,0.82222022433810882
B23_RDKIT2D_ET,rdkit2d,et,tdc_compatible_5split,1,,split_seed_1,0.30369693732081809,0.37425721507354492,0.70268318218383152,0.83912698375381334,0.81768758258298824
B23_RDKIT2D_ET,rdkit2d,et,tdc_compatible_5split,2,,split_seed_2,0.30056224820726496,0.37260608072612084,0.70530077832245341,0.84011805033362008,0.82281806736405139
B23_RDKIT2D_ET,rdkit2d,et,tdc_compatible_5split,3,,split_seed_3,0.29665366145054972,0.36977491218497183,0.70976218364255417,0.8429915609658436,0.81605160352253436
B23_RDKIT2D_ET,rdkit2d,et,tdc_compatible_5split,4,,split_seed_4,0.3034164770103786,0.37698406203585183,0.69833488398175292,0.83769622484114714,0.81852606676674722
B23_RDKIT2D_ET,rdkit2d,et,tdc_compatible_5split,5,,split_seed_5,0.28424099907173367,0.35291824778901476,0.73562076513752239,0.85853242018113662,0.8398666474534886
B24_RDKIT2D_XGB,rdkit2d,xgb,tdc_compatible_5split,1,,split_seed_1,0.31075698522315393,0.38241918379872292,0.68957373955301704,0.83254545697158255,0.81168212988722377
B24_RDKIT2D_XGB,rdkit2d,xgb,tdc_compatible_5split,2,,split_seed_2,0.27317944668280641,0.342421324458621,0.75111385657183283,0.86672373140814474,0.85072629153353374
B24_RDKIT2D_XGB,rdkit2d,xgb,tdc_compatible_5split,3,,split_seed_3,0.30653228796269349,0.36814374951810358,0.7123171481963978,0.84637092084342835,0.82770751842933565
B24_RDKIT2D_XGB,rdkit2d,xgb,tdc_compatible_5split,4,,split_seed_4,0.29566782964370231,0.36832744054428496,0.71202998894305125,0.84640791316792197,0.83074839448220705
B24_RDKIT2D_XGB,rdkit2d,xgb,tdc_compatible_5split,5,,split_seed_5,0.30425841812321597,0.37637097468887803,0.69931527914965175,0.83669365046725941,0.83331469446912232
B30_MORGAN_SVR,morgan_r2_2048,svr,tdc_compatible_5split,1,,split_seed_1,0.40189501424392277,0.47109052092197229,0.52892740019012363,0.73218355630572263,0.64503527763438429
B30_MORGAN_SVR,morgan_r2_2048,svr,tdc_compatible_5split,2,,split_seed_2,0.40507126074045785,0.48745740502267881,0.49562627164641071,0.71841491534259239,0.59799678839412496
B30_MORGAN_SVR,morgan_r2_2048,svr,tdc_compatible_5split,3,,split_seed_3,0.41445533288149661,0.49468262925440665,0.48056353591257261,0.71477245142786205,0.64406239782680152
B30_MORGAN_SVR,morgan_r2_2048,svr,tdc_compatible_5split,4,,split_seed_4,0.40824590223925045,0.48594652156541124,0.49874805796262067,0.71996235503532224,0.64862345792983778
B30_MORGAN_SVR,morgan_r2_2048,svr,tdc_compatible_5split,5,,split_seed_5,0.4157755144546354,0.50046337165405619,0.46835258369925581,0.69645468814637457,0.57451097092635839
B31_MORGAN_RF,morgan_r2_2048,rf,tdc_compatible_5split,1,,split_seed_1,0.42301222312134151,0.5222252343094701,0.42111163668090934,0.67700719239985441,0.63455685178535481
B31_MORGAN_RF,morgan_r2_2048,rf,tdc_compatible_5split,2,,split_seed_2,0.41133218583597431,0.51265742145734572,0.44212922557659085,0.70655795243636133,0.67000768130621313
B31_MORGAN_RF,morgan_r2_2048,rf,tdc_compatible_5split,3,,split_seed_3,0.47827970563990158,0.59771346828439775,0.24165784822487124,0.61039748461210774,0.46751206320720573
B31_MORGAN_RF,morgan_r2_2048,rf,tdc_compatible_5split,4,,split_seed_4,0.42725127903543891,0.52395235779067428,0.41727626095635306,0.69118768539393893,0.62790989593297264
B31_MORGAN_RF,morgan_r2_2048,rf,tdc_compatible_5split,5,,split_seed_5,0.40220638346788667,0.50038807359620374,0.46851255147565951,0.73065298841326587,0.72211729315823903
B32_MORGAN_ET,morgan_r2_2048,et,tdc_compatible_5split,1,,split_seed_1,0.40765051493188997,0.4910173456098722,0.488232407171726,0.72186836559298817,0.67459585640324116
B32_MORGAN_ET,morgan_r2_2048,et,tdc_compatible_5split,2,,split_seed_2,0.39387664430528796,0.4807839390848665,0.50934185184750835,0.74978426604126114,0.71328753580716342
B32_MORGAN_ET,morgan_r2_2048,et,tdc_compatible_5split,3,,split_seed_3,0.44203683735199162,0.53489393361076221,0.39268437100337361,0.68047154787012964,0.57819095116262986
B32_MORGAN_ET,morgan_r2_2048,et,tdc_compatible_5split,4,,split_seed_4,0.41086492084970028,0.49470718636632982,0.48051196274122854,0.72425631173554128,0.68537636249670042
B32_MORGAN_ET,morgan_r2_2048,et,tdc_compatible_5split,5,,split_seed_5,0.40255413103536902,0.49442437619309859,0.48110574634430581,0.73294663158637585,0.67867496681698258
B33_MORGAN_XGB,morgan_r2_2048,xgb,tdc_compatible_5split,1,,split_seed_1,0.40789201154617488,0.50558012315676792,0.45742585410343006,0.70605674346482927,0.59980334171185656
B33_MORGAN_XGB,morgan_r2_2048,xgb,tdc_compatible_5split,2,,split_seed_2,0.42865994658880552,0.52690835614301668,0.41068257199373992,0.68939336993878975,0.57709100606016484
B33_MORGAN_XGB,morgan_r2_2048,xgb,tdc_compatible_5split,3,,split_seed_3,0.49524897907818805,0.62775857700875015,0.16350293207174393,0.59975341771557156,0.44057457820570362
B33_MORGAN_XGB,morgan_r2_2048,xgb,tdc_compatible_5split,4,,split_seed_4,0.38067227096550921,0.46671170315642296,0.53764400271096413,0.74969972446133437,0.66621066352504499
B33_MORGAN_XGB,morgan_r2_2048,xgb,tdc_compatible_5split,5,,split_seed_5,0.41852008333089646,0.50272963839048024,0.46352672463425859,0.71261604528598899,0.65135350679888948
