row_id,Drug_ID,Y_true,Y_pred,residual,split_seed
caco2_wang:test:0,I-II,-5.6900000999999998,-5.5334224700927734,0.15657762990722629,1
caco2_wang:test:1,aceclofenac,-4.4099997999999996,-4.767066478729248,-0.35706667872924841,1
caco2_wang:test:2,Diclofenac,-4.4606810000000001,-4.606961727142334,-0.14628072714233381,1
caco2_wang:test:3,amfenac sodium,-4.5199999999999996,-5.2429537773132324,-0.72295377731323285,1
caco2_wang:test:4,Amfenac,-4.5199999999999996,-4.9321889877319336,-0.41218898773193402,1
caco2_wang:test:5,(Z)-19e,-4.8299999000000016,-5.3300490379333496,-0.50004913793334804,1
caco2_wang:test:6,2h,-4.6020598000000001,-4.6588754653930664,-0.056815665393066199,1
caco2_wang:test:7,2g,-4.5686363999999999,-4.594512939453125,-0.025876539453125,1
caco2_wang:test:8,2f,-4.7447276,-4.640322208404541,0.104405391595459,1
caco2_wang:test:9,1,-4.4685210999999994,-4.5294175148010254,-0.060896414801025998,1
caco2_wang:test:10,1,-5.7423639,-5.5590372085571289,0.183326691442871,1
caco2_wang:test:11,Tacrolimus,-5.1500000999999997,-5.1194362640380859,0.0305638359619138,1
caco2_wang:test:12,Deoxynivalenol (DON),-5.3005152000000004,-5.3773298263549805,-0.076814626354980001,1
caco2_wang:test:13,OXo,-4.7199998000000001,-4.7127671241760254,0.0072326758239746004,1
caco2_wang:test:14,Sparfloxacin (SPX),-4.7784066000000003,-5.277644157409668,-0.49923755740966769,1
caco2_wang:test:15,Grepafloxacin HCl,-4.8899999000000003,-4.8361988067626953,0.053801093237304899,1
caco2_wang:test:16,Biliverdin,-5.6290044999999997,-6.0808262825012207,-0.4518217825012209,1
caco2_wang:test:17,amoxicillin,-6.1524996999999999,-6.2475337982177734,-0.095034098217773505,1
caco2_wang:test:18,ampicillin,-5.6999997999999996,-6.1883811950683594,-0.4883813950683597,1
caco2_wang:test:19,Ampicillin,-6.0700002,-6.1883811950683594,-0.1183809950683594,1
caco2_wang:test:20,benzylpenicillin,-6.0250000999999997,-5.1315007209777832,0.89349937902221654,1
caco2_wang:test:21,Penicillin G,-5.8697933999999998,-5.1315007209777832,0.73829267902221662,1
caco2_wang:test:22,014-Ampicillin,-6.1023731000000003,-6.1029891967773438,-0.00061609677734340005,1
caco2_wang:test:23,Zomepirac,-4.6100000999999997,-4.5580801963806152,0.051919903619384401,1
caco2_wang:test:24,serotonin,-4.8600000999999997,-5.307042121887207,-0.44704202188720732,1
caco2_wang:test:25,Sumatriptan,-5.6828976000000004,-4.7411575317382812,0.94174006826171919,1
caco2_wang:test:26,tryptophan,-5.3899999000000003,-5.4571075439453125,-0.067107643945312198,1
caco2_wang:test:27,tryptophanamide,-4.9200000999999984,-5.5533299446105957,-0.63332984461059727,1
caco2_wang:test:28,N-acetyl-tryptophanamide,-5.6199999000000025,-5.3568358421325684,0.26316405786743408,1
caco2_wang:test:29,Ac-Trp-Ala-Gly-Gly-Asp-Ala-NH2,-7.4981045999999996,-6.7049155235290527,0.79318907647094683,1
caco2_wang:test:30,Ac-Trp-Ala-Gly-Gly-Lys-Ala-NH2,-7.3099999000000011,-6.5264315605163574,0.78356833948364368,1
caco2_wang:test:31,Acetyl-Trp-Ala-Gly-Gly-Asn-Ala-Amide,-7.29,-6.6732664108276367,0.61673358917236332,1
caco2_wang:test:32,Decursinol angelate (DA),-4.9204097000000004,-4.4660806655883789,0.45432903441162148,1
caco2_wang:test:33,Isoquercitrin (22),-6.2699999999999996,-6.246586799621582,0.023413200378417501,1
caco2_wang:test:34,quercitrin ,-6.0999999000000003,-6.611271858215332,-0.51127195821533178,1
caco2_wang:test:35,Baohuoside I,-5.8378239000000001,-5.8961086273193359,-0.058284727319335802,1
caco2_wang:test:36,Quercitrin (21),-6.0999999000000003,-6.611271858215332,-0.51127195821533178,1
caco2_wang:test:37,25,-4.6799998,-5.2754960060119629,-0.59549620601196285,1
caco2_wang:test:38,45a,-4.8899999000000003,-5.1504073143005371,-0.26040741430053682,1
caco2_wang:test:39,45c,-4.6999997999999996,-5.1316394805908203,-0.4316396805908207,1
caco2_wang:test:40,51a,-4.8899999000000003,-5.1183414459228516,-0.22834154592285119,1
caco2_wang:test:41,51e,-5.0500002000000004,-5.1486191749572754,-0.098618974957274994,1
caco2_wang:test:42,60c,-4.4899997999999997,-5.0492291450500488,-0.55922934505004918,1
caco2_wang:test:43,51d,-5.3000002000000004,-4.968231201171875,0.33176899882812538,1
caco2_wang:test:44,hexapeptide 01,-5.8200002,-5.7350835800170898,0.084916619982910099,1
caco2_wang:test:45,hexapeptide 03,-5.8200002,-5.7350835800170898,0.084916619982910099,1
caco2_wang:test:46,hexapeptide 05,-5.8200002,-5.7350835800170898,0.084916619982910099,1
caco2_wang:test:47,hexapeptide 06,-5.8200002,-5.7350835800170898,0.084916619982910099,1
caco2_wang:test:48,hexapeptide 07,-5.8200002,-5.4746007919311523,0.34539940806884761,1
caco2_wang:test:49,hexapeptide 08,-5.8200002,-5.4785423278808594,0.34145787211914058,1
caco2_wang:test:50,hexapeptide 09,-5.3000002000000004,-5.4825625419616699,-0.18256234196166951,1
caco2_wang:test:51,hexapeptide 12,-5.8200002,-5.4746007919311523,0.34539940806884761,1
caco2_wang:test:52,hexapeptide 13,-5.8200002,-5.4785423278808594,0.34145787211914058,1
caco2_wang:test:53,hexapeptide 14,-5.8200002,-5.4825625419616699,0.33743765803832998,1
caco2_wang:test:54,hexapeptide 18,-5.3000002000000004,-5.4825625419616699,-0.18256234196166951,1
caco2_wang:test:55,hexapeptide 20,-5.8200002,-5.4785423278808594,0.34145787211914058,1
caco2_wang:test:56,hexapeptide 22,-5.8200002,-5.3134474754333496,0.50655272456665035,1
caco2_wang:test:57,hexapeptide 23,-5.8200002,-5.3151202201843262,0.50487997981567379,1
caco2_wang:test:58,hexapeptide 24,-5.8200002,-5.3163590431213379,0.50364115687866207,1
caco2_wang:test:59,hexapeptide 25,-5.8200002,-5.3134474754333496,0.50655272456665035,1
caco2_wang:test:60,hexapeptide 26,-5.3000002000000004,-5.3163590431213379,-0.0163588431213375,1
caco2_wang:test:61,hexapeptide 27,-5.3000002000000004,-5.3151202201843262,-0.0151200201843257,1
caco2_wang:test:62,hexapeptide 28,-5,-5.3151202201843262,-0.31512022018432612,1
caco2_wang:test:63,hexapeptide 29,-5.8200002,-5.3163590431213379,0.50364115687866207,1
caco2_wang:test:64,hexapeptide 32,-5.8200002,-5.3151202201843262,0.50487997981567379,1
caco2_wang:test:65,hexapeptide 33,-5.8200002,-5.3163590431213379,0.50364115687866207,1
caco2_wang:test:66,hexapeptide 34,-5.8200002,-5.3163590431213379,0.50364115687866207,1
caco2_wang:test:67,hexapeptide 37,-5.8200002,-5.3134474754333496,0.50655272456665035,1
caco2_wang:test:68,hexapeptide 38,-5.8200002,-5.3151202201843262,0.50487997981567379,1
caco2_wang:test:69,hexapeptide 41,-5.2600002000000003,-5.1414251327514648,0.1185750672485355,1
caco2_wang:test:70,hexapeptide 42,-5.8200002,-5.1339092254638672,0.68609097453613277,1
caco2_wang:test:71,hexapeptide 47,-5.3000002000000004,-5.1339092254638672,0.1660909745361332,1
caco2_wang:test:72,hexapeptide 48,-5.3000002000000004,-5.1339092254638672,0.1660909745361332,1
caco2_wang:test:73,hexapeptide 52,-4.6999997999999996,-5.1339092254638672,-0.43390942546386752,1
caco2_wang:test:74,hexapeptide 53,-5.3000002000000004,-5.1414251327514648,0.15857506724853551,1
caco2_wang:test:75,hexapeptide 54,-5,-5.1339092254638672,-0.13390922546386719,1
caco2_wang:test:76,hexapeptide 55,-5.3000002000000004,-5.1339092254638672,0.1660909745361332,1
caco2_wang:test:77,hexapeptide 56,-5.0999999000000003,-4.9163246154785156,0.1836752845214846,1
caco2_wang:test:78,hexapeptide 57,-5.1500000999999997,-4.9163246154785156,0.23367548452148409,1
caco2_wang:test:79,hexapeptide 58,-5.3000002000000004,-4.9163246154785156,0.3836755845214847,1
caco2_wang:test:80,hexapeptide 59,-5.3000002000000004,-4.9163246154785156,0.3836755845214847,1
caco2_wang:test:81,hexapeptide 60,-5.3000002000000004,-4.9163246154785156,0.3836755845214847,1
caco2_wang:test:82,hexapeptide 04,-5.8200002,-5.7350835800170898,0.084916619982910099,1
caco2_wang:test:83,hexapeptide 15,-5.8200002,-5.4785423278808594,0.34145787211914058,1
caco2_wang:test:84,hexapeptide 16,-5.3000002000000004,-5.4746007919311523,-0.17460059193115191,1
caco2_wang:test:85,hexapeptide 19,-5.8200002,-5.4746007919311523,0.34539940806884761,1
caco2_wang:test:86,hexapeptide 43,-5.8200002,-5.1414251327514648,0.67857506724853511,1
caco2_wang:test:87,hexapeptide 51,-5.3000002000000004,-5.1339092254638672,0.1660909745361332,1
caco2_wang:test:88,Chlorprothixene,-4.7399997999999997,-4.5011000633239746,0.23889973667602499,1
caco2_wang:test:89,3,-6.0107207000000002,-5.8435020446777344,0.16721865532226579,1
caco2_wang:test:90,Pyrimethamine,-4.2300000000000004,-4.752469539642334,-0.52246953964233356,1
caco2_wang:test:91,Stavudine (d4T),-5.3483939000000005,-4.9362592697143564,0.41213463028564412,1
caco2_wang:test:92,PNU200001,-6.6999997999999996,-6.6699371337890634,0.030062666210936201,1
caco2_wang:test:93,PNU200969,-6.1524510000000001,-6.6506795883178711,-0.49822858831787098,1
caco2_wang:test:94,PNU200969,-6.1500000999999997,-6.6443524360656738,-0.49435233606567408,1
caco2_wang:test:95,"Apigenin (5,7,4'-THF)",-4.9821800999999999,-5.145653247833252,-0.16347314783325201,1
caco2_wang:test:96,"7,4'-DMF",-4.6010299000000003,-4.6122255325317383,-0.011195632531737901,1
caco2_wang:test:97,Kaempferol (16),-4.9899997999999997,-5.6037049293518066,-0.61370512935180699,1
caco2_wang:test:98,Tamarixetin (17),-5.0013065000000001,-5.6938824653625488,-0.69257596536254873,1
caco2_wang:test:99,Apometzgerin (2),-4.9499997999999996,-5.1704258918762207,-0.22042609187622109,1
caco2_wang:test:100,kaempferide ,-5.1900000999999998,-5.1302633285522461,0.059736771447753599,1
caco2_wang:test:101,7-MF,-4.6479458999999999,-4.471954345703125,0.1759915542968748,1
caco2_wang:test:102,"5,7-DMF",-4.6313224000000002,-4.5131983757019043,0.11812402429809581,1
caco2_wang:test:103,"5,7,4'-TMF",-4.5595455000000005,-4.6484012603759766,-0.088855760375976006,1
caco2_wang:test:104,"7,4'-DHF",-5.2123350999999998,-4.7421913146972656,0.4701437853027341,1
caco2_wang:test:105,Flavone,-3.9201082999999999,-4.2457046508789062,-0.32559635087890632,1
caco2_wang:test:106,"Chrysin (5,7-DHF)",-5.0105972000000003,-4.7375125885009766,0.27308461149902369,1
caco2_wang:test:107,Icajine (Ica),-4.5816797999999999,-4.931297779083252,-0.3496179790832521,1
caco2_wang:test:108,Astilbin,-6.8200002000000008,-6.6254096031188965,0.19459059688110431,1
caco2_wang:test:109,Phenobarbital,-4.6300000999999984,-4.6169099807739258,0.013090119226072601,1
caco2_wang:test:110,74,-5.6989698000000004,-5.4585022926330566,0.24046750736694369,1
caco2_wang:test:111,884-14b,-5.050365900000001,-4.9130630493164062,0.13730285068359471,1
caco2_wang:test:112,"883-(cis)-[2-(E-Phenylvinyl)-1,3-dioxan-5-yl]phenylacetamide (14a)",-5.0498786000000004,-4.7157211303710938,0.33415746962890669,1
caco2_wang:test:113,carboxamido 28,-4.0599998999999984,-4.7061223983764648,-0.6461224983764664,1
caco2_wang:test:114,MEN14970,-4.9309067999999998,-5.2606072425842285,-0.3297004425842287,1
caco2_wang:test:115,Pranoprofen; pyranoprofen,-4.3899999000000003,-4.3470659255981445,0.042933974401855701,1
caco2_wang:test:116,D,-5.489058,-5.4292330741882324,0.059824925811767501,1
caco2_wang:test:117,13h,-5.3600000999999997,-5.2421627044677734,0.11783739553222621,1
caco2_wang:test:118,13i,-5.5900002000000004,-5.3431363105773926,0.24686388942260781,1
caco2_wang:test:119,13j,-5.2450004000000003,-5.1360483169555664,0.10895208304443391,1
caco2_wang:test:120,Ceftriaxone,-6.6047130000000003,-6.595482349395752,0.0092306506042483007,1
caco2_wang:test:121,ceftriaxone,-6.7649999000000012,-6.595482349395752,0.1695175506042492,1
caco2_wang:test:122,SDZ-RAD,-4.6300000999999984,-5.047670841217041,-0.41767074121704262,1
caco2_wang:test:123,creatinine,-5.9354090999999976,-5.029700756072998,0.90570834392699962,1
caco2_wang:test:124,Efavirenz,-4.0500002000000004,-4.5558071136474609,-0.50580691364746055,1
caco2_wang:test:125,25,-5.3099999000000002,-4.9631662368774414,0.34683366312255881,1
caco2_wang:test:126,Salvianolic acid A (SAA),-7.2277411999999996,-6.6395721435546884,0.58816905644531126,1
caco2_wang:test:127,234-Cortisone,-4.5086384000000015,-4.7938356399536133,-0.28519723995361179,1
caco2_wang:test:128,PNU-184147,-4.7423639,-5.2608499526977539,-0.51848605269775394,1
caco2_wang:test:129,PNU-184249,-4.4579659000000005,-4.9078221321105957,-0.44985623211059522,1
caco2_wang:test:130,3,-4.5418171999999997,-4.2552947998046884,0.28652240019531128,1
caco2_wang:test:131,(Z)-19b,-5.4000000999999997,-5.2385110855102539,0.16148901448974581,1
caco2_wang:test:132,(Z)-19d,-5.4200000999999975,-5.1406025886535645,0.27939751134643309,1
caco2_wang:test:133,4b,-6,-5.3460774421691895,0.65392255783081055,1
caco2_wang:test:134,4c,-5.9000000999999997,-5.2340350151062012,0.66596508489379858,1
caco2_wang:test:135,4f,-6,-5.8610601425170898,0.1389398574829101,1
caco2_wang:test:136,4g,-5.5,-5.2889690399169922,0.21103096008300781,1
caco2_wang:test:137,4h,-5.3000002000000004,-5.2941718101501465,0.0058283898498538,1
caco2_wang:test:138,4d,-5.5,-5.2192683219909668,0.2807316780090332,1
caco2_wang:test:139,Zearalenone (ZEN),-4.9800000000000004,-4.7940807342529297,0.18591926574707071,1
caco2_wang:test:140,17,-6.1883749999999997,-5.8018250465393066,0.3865499534606931,1
caco2_wang:test:141,34,-6.3723635999999999,-5.863978385925293,0.50838521407470694,1
caco2_wang:test:142,DXG (9),-6.1599997999999996,-6.9873600006103516,-0.82736020061035198,1
caco2_wang:test:143,EF5264,-4.5100002000000003,-4.2671022415161133,0.24289795848388701,1
caco2_wang:test:144,1,-4.7597256000000003,-4.8757448196411133,-0.11601921964111291,1
caco2_wang:test:145,Roxithromycin,-5.7397189000000015,-5.7639412879943848,-0.024222387994383199,1
caco2_wang:test:146,205-Fluoxetine,-4.9299622000000003,-4.5372939109802246,0.39266828901977568,1
caco2_wang:test:147,Fluoxetine,-4.5500002000000004,-4.5295701026916504,0.020430097308349899,1
caco2_wang:test:148,1029-Dihydrotetrabenazine isomer,-4.5986857000000008,-4.5307378768920898,0.067947823107910907,1
caco2_wang:test:149,Dihydrotetrabenazine isomer A,-4.6799998,-4.5307378768920898,0.1492619231079102,1
caco2_wang:test:150,Oxacillin,-4.8797115999999994,-5.5698986053466797,-0.69018700534668032,1
caco2_wang:test:151,oxacillin,-5.5799999000000025,-5.5904989242553711,-0.0104990242553686,1
caco2_wang:test:152,elarofiban,-6.21,-5.7326798439025879,0.47732015609741207,1
caco2_wang:test:153,hesperetin ,-4.7399997999999997,-5.1314773559570312,-0.3914775559570316,1
caco2_wang:test:154,naringenin,-4.6550001999999999,-5.129399299621582,-0.47439909962158211,1
caco2_wang:test:155,Eriodictyol (28),-5.2800001999999999,-5.7505760192871094,-0.4705758192871094,1
caco2_wang:test:156,Liquiritigenin (LG),-4.8000002000000004,-4.7290172576904297,0.070982942309570696,1
caco2_wang:test:157,eriodictyol ,-5.2800001999999999,-5.7505760192871094,-0.4705758192871094,1
caco2_wang:test:158,Taxifolin (29),-6.5093192999999996,-6.3970823287963867,0.1122369712036128,1
caco2_wang:test:159,PNU-184421,-4.3783754999999998,-4.5004873275756836,-0.1221118275756838,1
caco2_wang:test:160,26,-4.6900000999999998,-4.9923295974731445,-0.30232949747314469,1
caco2_wang:test:161,N-desmethylclozapine,-4.6799998,-4.6828975677490234,-0.0028977677490232999,1
caco2_wang:test:162,clozapine,-4.5100002000000003,-4.5614299774169922,-0.051429777416991798,1
caco2_wang:test:163,Pseudostrychnine (Psd),-4.6001629999999984,-4.9598116874694824,-0.35964868746948397,1
caco2_wang:test:164,Beta-colubrine (Col),-4.5717444,-4.9656887054443359,-0.3939443054443359,1
caco2_wang:test:165,Strychnine (Str),-4.5086198,-5.0574245452880859,-0.54880474528808598,1
caco2_wang:test:166,Brucine (Bru),-4.7786422000000002,-5.1763954162597656,-0.3977532162597654,1
caco2_wang:test:167,5d,-6.0999999000000003,-5.6402654647827148,0.45973443521728541,1
caco2_wang:test:168,Org 34037,-4.7199998000000001,-4.5757513046264648,0.14424849537353521,1
caco2_wang:test:169,Pravastatin,-5.8699999000000025,-5.6491994857788086,0.2208004142211939,1
caco2_wang:test:170,pravastatin,-5.8400002000000004,-5.6491994857788086,0.1908007142211918,1
caco2_wang:test:171,Alfuzosin,-5.6399999000000003,-5.1253705024719238,0.51462939752807646,1
caco2_wang:test:172,ursolic acid,-5.5500002000000004,-5.5843243598937988,-0.034324159893798403,1
caco2_wang:test:173,Amitriptyline,-4.2600002000000003,-4.6639275550842285,-0.40392735508422811,1
caco2_wang:test:174,732-Amitriptyline,-3.9006647999999999,-4.6639275550842285,-0.76326275508422858,1
caco2_wang:test:175,Astemizole,-5.1500000999999997,-5.4750070571899414,-0.3250069571899416,1
caco2_wang:test:176,Digoxin,-5.6316041999999999,-6.3211641311645508,-0.68955993116455083,1
caco2_wang:test:177,Trimethobenzamide,-4.96,-4.530158519744873,0.42984148025512692,1
caco2_wang:test:178,EF5261,-4.4000000999999997,-4.409663200378418,-0.0096631003784182004,1
caco2_wang:test:179,puerarin ,-6.4000000999999997,-6.3020944595336914,0.0979056404663083,1
caco2_wang:test:180,Puerarin (34),-6.3989700999999997,-6.3020944595336914,0.096875640466308199,1
caco2_wang:test:181,E28,-5.1500000999999997,-4.9032816886901855,0.2467184113098142,1
caco2_wang:test:0,I-II,-5.6900000999999998,-5.3297262191772461,0.36027388082275369,2
caco2_wang:test:1,aceclofenac,-4.4099997999999996,-4.8282217979431152,-0.4182219979431156,2
caco2_wang:test:2,Diclofenac,-4.4606810000000001,-4.7105798721313477,-0.24989887213134751,2
caco2_wang:test:3,amfenac sodium,-4.5199999999999996,-5.4857053756713867,-0.96570537567138715,2
caco2_wang:test:4,Amfenac,-4.5199999999999996,-4.8600916862487793,-0.34009168624877972,2
caco2_wang:test:5,(Z)-19e,-4.8299999000000016,-5.3071513175964364,-0.47715141759643481,2
caco2_wang:test:6,2h,-4.6020598000000001,-4.6798076629638672,-0.077747862963867001,2
caco2_wang:test:7,2g,-4.5686363999999999,-4.6059131622314453,-0.037276762231445298,2
caco2_wang:test:8,2f,-4.7447276,-4.5183281898498535,0.2263994101501465,2
caco2_wang:test:9,1,-4.4685210999999994,-4.593925952911377,-0.1254048529113776,2
caco2_wang:test:10,1,-5.7423639,-5.5488200187683114,0.1935438812316885,2
caco2_wang:test:11,Tacrolimus,-5.1500000999999997,-5.0151290893554688,0.134871010644531,2
caco2_wang:test:12,Deoxynivalenol (DON),-5.3005152000000004,-5.281038761138916,0.0194764388610844,2
caco2_wang:test:13,OXo,-4.7199998000000001,-4.7354354858398438,-0.0154356858398436,2
caco2_wang:test:14,Sparfloxacin (SPX),-4.7784066000000003,-5.0934767723083496,-0.31507017230834933,2
caco2_wang:test:15,Grepafloxacin HCl,-4.8899999000000003,-4.9166884422302246,-0.026688542230224301,2
caco2_wang:test:16,Biliverdin,-5.6290044999999997,-5.9169960021972656,-0.28799150219726588,2
caco2_wang:test:17,amoxicillin,-6.1524996999999999,-6.067655086517334,0.084844613482665907,2
caco2_wang:test:18,ampicillin,-5.6999997999999996,-6.0227479934692383,-0.32274819346923861,2
caco2_wang:test:19,Ampicillin,-6.0700002,-6.0227479934692383,0.047252206530761599,2
caco2_wang:test:20,benzylpenicillin,-6.0250000999999997,-5.3431134223937988,0.68188667760620092,2
caco2_wang:test:21,Penicillin G,-5.8697933999999998,-5.3431134223937988,0.526679977606201,2
caco2_wang:test:22,014-Ampicillin,-6.1023731000000003,-6.017845630645752,0.084527469354248305,2
caco2_wang:test:23,Zomepirac,-4.6100000999999997,-4.61846923828125,-0.0084691382812501995,2
caco2_wang:test:24,serotonin,-4.8600000999999997,-5.1172051429748535,-0.2572050429748538,2
caco2_wang:test:25,Sumatriptan,-5.6828976000000004,-4.8724441528320312,0.81045344716796919,2
caco2_wang:test:26,tryptophan,-5.3899999000000003,-5.4773354530334473,-0.087335553033446894,2
caco2_wang:test:27,tryptophanamide,-4.9200000999999984,-5.5059523582458496,-0.58595225824585118,2
caco2_wang:test:28,N-acetyl-tryptophanamide,-5.6199999000000025,-5.2284483909606934,0.39155150903930908,2
caco2_wang:test:29,Ac-Trp-Ala-Gly-Gly-Asp-Ala-NH2,-7.4981045999999996,-6.943209171295166,0.55489542870483355,2
caco2_wang:test:30,Ac-Trp-Ala-Gly-Gly-Lys-Ala-NH2,-7.3099999000000011,-6.7218356132507324,0.58816428674926868,2
caco2_wang:test:31,Acetyl-Trp-Ala-Gly-Gly-Asn-Ala-Amide,-7.29,-6.9278459548950204,0.36215404510497962,2
caco2_wang:test:32,Decursinol angelate (DA),-4.9204097000000004,-4.3979320526123047,0.52247764738769575,2
caco2_wang:test:33,Isoquercitrin (22),-6.2699999999999996,-6.5580358505249023,-0.28803585052490271,2
caco2_wang:test:34,quercitrin ,-6.0999999000000003,-6.5532026290893564,-0.4532027290893561,2
caco2_wang:test:35,Baohuoside I,-5.8378239000000001,-6.0980324745178223,-0.2602085745178222,2
caco2_wang:test:36,Quercitrin (21),-6.0999999000000003,-6.5532026290893564,-0.4532027290893561,2
caco2_wang:test:37,25,-4.6799998,-5.1290020942687988,-0.44900229426879879,2
caco2_wang:test:38,45a,-4.8899999000000003,-5.0275607109069824,-0.13756081090698211,2
caco2_wang:test:39,45c,-4.6999997999999996,-4.848264217376709,-0.14826441737670931,2
caco2_wang:test:40,51a,-4.8899999000000003,-4.7104840278625488,0.1795158721374514,2
caco2_wang:test:41,51e,-5.0500002000000004,-4.7928919792175293,0.25710822078247109,2
caco2_wang:test:42,60c,-4.4899997999999997,-4.5495786666870117,-0.059578866687011997,2
caco2_wang:test:43,51d,-5.3000002000000004,-4.5915021896362314,0.70849801036376903,2
caco2_wang:test:44,hexapeptide 01,-5.8200002,-5.7224130630493164,0.097587136950683495,2
caco2_wang:test:45,hexapeptide 03,-5.8200002,-5.7224130630493164,0.097587136950683495,2
caco2_wang:test:46,hexapeptide 05,-5.8200002,-5.7224130630493164,0.097587136950683495,2
caco2_wang:test:47,hexapeptide 06,-5.8200002,-5.7224130630493164,0.097587136950683495,2
caco2_wang:test:48,hexapeptide 07,-5.8200002,-5.6099467277526855,0.21005347224731441,2
caco2_wang:test:49,hexapeptide 08,-5.8200002,-5.6178474426269531,0.2021527573730468,2
caco2_wang:test:50,hexapeptide 09,-5.3000002000000004,-5.6178474426269531,-0.31784724262695269,2
caco2_wang:test:51,hexapeptide 12,-5.8200002,-5.6099467277526855,0.21005347224731441,2
caco2_wang:test:52,hexapeptide 13,-5.8200002,-5.6178474426269531,0.2021527573730468,2
caco2_wang:test:53,hexapeptide 14,-5.8200002,-5.6178474426269531,0.2021527573730468,2
caco2_wang:test:54,hexapeptide 18,-5.3000002000000004,-5.6178474426269531,-0.31784724262695269,2
caco2_wang:test:55,hexapeptide 20,-5.8200002,-5.6178474426269531,0.2021527573730468,2
caco2_wang:test:56,hexapeptide 22,-5.8200002,-5.682258129119873,0.13774207088012691,2
caco2_wang:test:57,hexapeptide 23,-5.8200002,-5.6810765266418457,0.1389236733581542,2
caco2_wang:test:58,hexapeptide 24,-5.8200002,-5.6810765266418457,0.1389236733581542,2
caco2_wang:test:59,hexapeptide 25,-5.8200002,-5.682258129119873,0.13774207088012691,2
caco2_wang:test:60,hexapeptide 26,-5.3000002000000004,-5.6810765266418457,-0.38107632664184532,2
caco2_wang:test:61,hexapeptide 27,-5.3000002000000004,-5.6810765266418457,-0.38107632664184532,2
caco2_wang:test:62,hexapeptide 28,-5,-5.6810765266418457,-0.6810765266418457,2
caco2_wang:test:63,hexapeptide 29,-5.8200002,-5.6810765266418457,0.1389236733581542,2
caco2_wang:test:64,hexapeptide 32,-5.8200002,-5.6810765266418457,0.1389236733581542,2
caco2_wang:test:65,hexapeptide 33,-5.8200002,-5.6810765266418457,0.1389236733581542,2
caco2_wang:test:66,hexapeptide 34,-5.8200002,-5.6810765266418457,0.1389236733581542,2
caco2_wang:test:67,hexapeptide 37,-5.8200002,-5.682258129119873,0.13774207088012691,2
caco2_wang:test:68,hexapeptide 38,-5.8200002,-5.6810765266418457,0.1389236733581542,2
caco2_wang:test:69,hexapeptide 41,-5.2600002000000003,-5.337369441986084,-0.077369241986083595,2
caco2_wang:test:70,hexapeptide 42,-5.8200002,-5.3421049118041992,0.47789528819580068,2
caco2_wang:test:71,hexapeptide 47,-5.3000002000000004,-5.3421049118041992,-0.042104711804198801,2
caco2_wang:test:72,hexapeptide 48,-5.3000002000000004,-5.3448405265808105,-0.044840326580810101,2
caco2_wang:test:73,hexapeptide 52,-4.6999997999999996,-5.3421049118041992,-0.6421051118041996,2
caco2_wang:test:74,hexapeptide 53,-5.3000002000000004,-5.337369441986084,-0.037369241986083601,2
caco2_wang:test:75,hexapeptide 54,-5,-5.3448405265808105,-0.34484052658081049,2
caco2_wang:test:76,hexapeptide 55,-5.3000002000000004,-5.3421049118041992,-0.042104711804198801,2
caco2_wang:test:77,hexapeptide 56,-5.0999999000000003,-5.1557779312133789,-0.055778031213378598,2
caco2_wang:test:78,hexapeptide 57,-5.1500000999999997,-5.1557779312133789,-0.0057778312133790997,2
caco2_wang:test:79,hexapeptide 58,-5.3000002000000004,-5.1557779312133789,0.14422226878662139,2
caco2_wang:test:80,hexapeptide 59,-5.3000002000000004,-5.1557779312133789,0.14422226878662139,2
caco2_wang:test:81,hexapeptide 60,-5.3000002000000004,-5.1557779312133789,0.14422226878662139,2
caco2_wang:test:82,hexapeptide 04,-5.8200002,-5.7224130630493164,0.097587136950683495,2
caco2_wang:test:83,hexapeptide 15,-5.8200002,-5.6178474426269531,0.2021527573730468,2
caco2_wang:test:84,hexapeptide 16,-5.3000002000000004,-5.6099467277526855,-0.30994652775268511,2
caco2_wang:test:85,hexapeptide 19,-5.8200002,-5.6099467277526855,0.21005347224731441,2
caco2_wang:test:86,hexapeptide 43,-5.8200002,-5.337369441986084,0.48263075801391597,2
caco2_wang:test:87,hexapeptide 51,-5.3000002000000004,-5.3421049118041992,-0.042104711804198801,2
caco2_wang:test:88,Chlorprothixene,-4.7399997999999997,-4.4693307876586914,0.27066901234130819,2
caco2_wang:test:89,3,-6.0107207000000002,-5.5543971061706543,0.4563235938293459,2
caco2_wang:test:90,Pyrimethamine,-4.2300000000000004,-4.6080951690673828,-0.37809516906738239,2
caco2_wang:test:91,Stavudine (d4T),-5.3483939000000005,-4.9953403472900391,0.35305355270996142,2
caco2_wang:test:92,PNU200001,-6.6999997999999996,-6.8011493682861328,-0.1011495682861332,2
caco2_wang:test:93,PNU200969,-6.1524510000000001,-6.5807180404663086,-0.42826704046630848,2
caco2_wang:test:94,PNU200969,-6.1500000999999997,-6.5974202156066895,-0.44742011560668971,2
caco2_wang:test:95,"Apigenin (5,7,4'-THF)",-4.9821800999999999,-5.1009249687194824,-0.1187448687194825,2
caco2_wang:test:96,"7,4'-DMF",-4.6010299000000003,-4.5186581611633301,0.082371738836670205,2
caco2_wang:test:97,Kaempferol (16),-4.9899997999999997,-5.7163357734680176,-0.72633597346801793,2
caco2_wang:test:98,Tamarixetin (17),-5.0013065000000001,-5.7254438400268564,-0.72413734002685626,2
caco2_wang:test:99,Apometzgerin (2),-4.9499997999999996,-5.2390608787536621,-0.28906107875366249,2
caco2_wang:test:100,kaempferide ,-5.1900000999999998,-5.1371893882751465,0.052810711724853299,2
caco2_wang:test:101,7-MF,-4.6479458999999999,-4.4345617294311523,0.21338417056884751,2
caco2_wang:test:102,"5,7-DMF",-4.6313224000000002,-4.4725260734558105,0.1587963265441896,2
caco2_wang:test:103,"5,7,4'-TMF",-4.5595455000000005,-4.5869193077087402,-0.027373807708739699,2
caco2_wang:test:104,"7,4'-DHF",-5.2123350999999998,-4.9057631492614746,0.30657195073852511,2
caco2_wang:test:105,Flavone,-3.9201082999999999,-4.1907391548156738,-0.27063085481567389,2
caco2_wang:test:106,"Chrysin (5,7-DHF)",-5.0105972000000003,-4.8953366279602051,0.1152605720397952,2
caco2_wang:test:107,Icajine (Ica),-4.5816797999999999,-4.8694496154785156,-0.28776981547851571,2
caco2_wang:test:108,Astilbin,-6.8200002000000008,-6.5184774398803711,0.3015227601196297,2
caco2_wang:test:109,Phenobarbital,-4.6300000999999984,-4.7109622955322266,-0.080962195532228096,2
caco2_wang:test:110,74,-5.6989698000000004,-5.5875992774963379,0.1113705225036625,2
caco2_wang:test:111,884-14b,-5.050365900000001,-4.893247127532959,0.1571187724670419,2
caco2_wang:test:112,"883-(cis)-[2-(E-Phenylvinyl)-1,3-dioxan-5-yl]phenylacetamide (14a)",-5.0498786000000004,-4.6045756340026855,0.44530296599731489,2
caco2_wang:test:113,carboxamido 28,-4.0599998999999984,-4.8674955368041992,-0.80749563680420078,2
caco2_wang:test:114,MEN14970,-4.9309067999999998,-5.0849051475524902,-0.15399834755249039,2
caco2_wang:test:115,Pranoprofen; pyranoprofen,-4.3899999000000003,-4.3735795021057129,0.0164203978942873,2
caco2_wang:test:116,D,-5.489058,-5.2387886047363281,0.25026939526367181,2
caco2_wang:test:117,13h,-5.3600000999999997,-5.2721676826477051,0.087832417352294606,2
caco2_wang:test:118,13i,-5.5900002000000004,-5.3525919914245605,0.23740820857543979,2
caco2_wang:test:119,13j,-5.2450004000000003,-5.3144168853759766,-0.069416485375976195,2
caco2_wang:test:120,Ceftriaxone,-6.6047130000000003,-6.1809639930725098,0.42374900692749051,2
caco2_wang:test:121,ceftriaxone,-6.7649999000000012,-6.1809639930725098,0.58403590692749141,2
caco2_wang:test:122,SDZ-RAD,-4.6300000999999984,-5.0302762985229492,-0.40027619852295082,2
caco2_wang:test:123,creatinine,-5.9354090999999976,-5.2193694114685059,0.71603968853149169,2
caco2_wang:test:124,Efavirenz,-4.0500002000000004,-4.5669631958007812,-0.51696299580078087,2
caco2_wang:test:125,25,-5.3099999000000002,-5.0592889785766602,0.25071092142334001,2
caco2_wang:test:126,Salvianolic acid A (SAA),-7.2277411999999996,-6.8911948204040527,0.33654637959594691,2
caco2_wang:test:127,234-Cortisone,-4.5086384000000015,-4.9938335418701172,-0.4851951418701157,2
caco2_wang:test:128,PNU-184147,-4.7423639,-4.7902979850769043,-0.047934085076904297,2
caco2_wang:test:129,PNU-184249,-4.4579659000000005,-4.8420290946960449,-0.38406319469604439,2
caco2_wang:test:130,3,-4.5418171999999997,-4.441347599029541,0.10046960097045859,2
caco2_wang:test:131,(Z)-19b,-5.4000000999999997,-5.3109598159790039,0.0890402840209958,2
caco2_wang:test:132,(Z)-19d,-5.4200000999999975,-5.1376080513000488,0.28239204869994872,2
caco2_wang:test:133,4b,-6,-5.7002544403076172,0.29974555969238281,2
caco2_wang:test:134,4c,-5.9000000999999997,-5.334932804107666,0.56506729589233373,2
caco2_wang:test:135,4f,-6,-6.1245489120483398,-0.1245489120483398,2
caco2_wang:test:136,4g,-5.5,-5.2828631401062012,0.2171368598937988,2
caco2_wang:test:137,4h,-5.3000002000000004,-5.0561842918395996,0.24381590816040069,2
caco2_wang:test:138,4d,-5.5,-5.2857193946838379,0.21428060531616211,2
caco2_wang:test:139,Zearalenone (ZEN),-4.9800000000000004,-4.9481606483459473,0.031839351654053098,2
caco2_wang:test:140,17,-6.1883749999999997,-5.7636590003967285,0.42471599960327122,2
caco2_wang:test:141,34,-6.3723635999999999,-5.8711318969726562,0.50123170302734366,2
caco2_wang:test:142,DXG (9),-6.1599997999999996,-6.9400067329406738,-0.78000693294067425,2
caco2_wang:test:143,EF5264,-4.5100002000000003,-4.3205852508544922,0.1894149491455081,2
caco2_wang:test:144,1,-4.7597256000000003,-4.7536568641662598,0.0060687358337404998,2
caco2_wang:test:145,Roxithromycin,-5.7397189000000015,-5.9478468894958496,-0.2081279894958481,2
caco2_wang:test:146,205-Fluoxetine,-4.9299622000000003,-4.4405694007873535,0.48939279921264678,2
caco2_wang:test:147,Fluoxetine,-4.5500002000000004,-4.4048223495483398,0.14517785045166051,2
caco2_wang:test:148,1029-Dihydrotetrabenazine isomer,-4.5986857000000008,-4.6123137474060059,-0.013628047406004999,2
caco2_wang:test:149,Dihydrotetrabenazine isomer A,-4.6799998,-4.6123137474060059,0.0676860525939941,2
caco2_wang:test:150,Oxacillin,-4.8797115999999994,-5.525822639465332,-0.64611103946533266,2
caco2_wang:test:151,oxacillin,-5.5799999000000025,-5.510444164276123,0.069555735723879394,2
caco2_wang:test:152,elarofiban,-6.21,-5.6246967315673828,0.58530326843261715,2
caco2_wang:test:153,hesperetin ,-4.7399997999999997,-5.1380457878112793,-0.39804598781127959,2
caco2_wang:test:154,naringenin,-4.6550001999999999,-5.1076784133911133,-0.4526782133911133,2
caco2_wang:test:155,Eriodictyol (28),-5.2800001999999999,-5.6051430702209473,-0.32514287022094729,2
caco2_wang:test:156,Liquiritigenin (LG),-4.8000002000000004,-4.7617397308349609,0.038260469165039397,2
caco2_wang:test:157,eriodictyol ,-5.2800001999999999,-5.6051430702209473,-0.32514287022094729,2
caco2_wang:test:158,Taxifolin (29),-6.5093192999999996,-6.4679603576660156,0.041358942333983899,2
caco2_wang:test:159,PNU-184421,-4.3783754999999998,-4.4930167198181152,-0.1146412198181154,2
caco2_wang:test:160,26,-4.6900000999999998,-5.1090950965881348,-0.41909499658813498,2
caco2_wang:test:161,N-desmethylclozapine,-4.6799998,-4.7259526252746582,-0.045952825274658098,2
caco2_wang:test:162,clozapine,-4.5100002000000003,-4.6417012214660645,-0.13170102146606411,2
caco2_wang:test:163,Pseudostrychnine (Psd),-4.6001629999999984,-4.8847870826721191,-0.28462408267212069,2
caco2_wang:test:164,Beta-colubrine (Col),-4.5717444,-4.9866752624511719,-0.41493086245117178,2
caco2_wang:test:165,Strychnine (Str),-4.5086198,-5.089385986328125,-0.58076618632812504,2
caco2_wang:test:166,Brucine (Bru),-4.7786422000000002,-5.2248077392578125,-0.44616553925781233,2
caco2_wang:test:167,5d,-6.0999999000000003,-5.5815677642822266,0.51843213571777369,2
caco2_wang:test:168,Org 34037,-4.7199998000000001,-4.6724586486816406,0.047541151318359398,2
caco2_wang:test:169,Pravastatin,-5.8699999000000025,-5.4696221351623535,0.40037776483764898,2
caco2_wang:test:170,pravastatin,-5.8400002000000004,-5.4696221351623535,0.3703780648376469,2
caco2_wang:test:171,Alfuzosin,-5.6399999000000003,-5.1942949295043945,0.4457049704956057,2
caco2_wang:test:172,ursolic acid,-5.5500002000000004,-5.5593938827514648,-0.0093936827514643998,2
caco2_wang:test:173,Amitriptyline,-4.2600002000000003,-4.6762962341308594,-0.41629603413085903,2
caco2_wang:test:174,732-Amitriptyline,-3.9006647999999999,-4.6762962341308594,-0.77563143413085944,2
caco2_wang:test:175,Astemizole,-5.1500000999999997,-5.1911940574645996,-0.041193957464599799,2
caco2_wang:test:176,Digoxin,-5.6316041999999999,-6.2186141014099121,-0.58700990140991216,2
caco2_wang:test:177,Trimethobenzamide,-4.96,-4.6134510040283203,0.3465489959716796,2
caco2_wang:test:178,EF5261,-4.4000000999999997,-4.6112070083618164,-0.2112069083618166,2
caco2_wang:test:179,puerarin ,-6.4000000999999997,-6.4443941116333008,-0.044394011633300999,2
caco2_wang:test:180,Puerarin (34),-6.3989700999999997,-6.4443941116333008,-0.045424011633301099,2
caco2_wang:test:181,E28,-5.1500000999999997,-4.8900308609008789,0.25996923909912079,2
caco2_wang:test:0,I-II,-5.6900000999999998,-5.2679553031921387,0.42204479680786111,3
caco2_wang:test:1,aceclofenac,-4.4099997999999996,-4.8183932304382324,-0.40839343043823279,3
caco2_wang:test:2,Diclofenac,-4.4606810000000001,-4.7670693397521973,-0.30638833975219709,3
caco2_wang:test:3,amfenac sodium,-4.5199999999999996,-4.9955744743347168,-0.47557447433471722,3
caco2_wang:test:4,Amfenac,-4.5199999999999996,-4.7645339965820312,-0.24453399658203159,3
caco2_wang:test:5,(Z)-19e,-4.8299999000000016,-5.2749271392822266,-0.444927239282225,3
caco2_wang:test:6,2h,-4.6020598000000001,-4.9024810791015625,-0.3004212791015623,3
caco2_wang:test:7,2g,-4.5686363999999999,-4.7458581924438477,-0.1772217924438477,3
caco2_wang:test:8,2f,-4.7447276,-4.8321924209594727,-0.087464820959472597,3
caco2_wang:test:9,1,-4.4685210999999994,-4.7449641227722168,-0.27644302277221738,3
caco2_wang:test:10,1,-5.7423639,-5.5321035385131836,0.21026036148681629,3
caco2_wang:test:11,Tacrolimus,-5.1500000999999997,-5.0670576095581055,0.082942490441894196,3
caco2_wang:test:12,Deoxynivalenol (DON),-5.3005152000000004,-5.256683349609375,0.043831850390625399,3
caco2_wang:test:13,OXo,-4.7199998000000001,-4.7520866394042969,-0.032086839404296699,3
caco2_wang:test:14,Sparfloxacin (SPX),-4.7784066000000003,-5.3491568565368652,-0.57075025653686495,3
caco2_wang:test:15,Grepafloxacin HCl,-4.8899999000000003,-4.9377737045288086,-0.047773804528808299,3
caco2_wang:test:16,Biliverdin,-5.6290044999999997,-5.9312000274658203,-0.30219552746582051,3
caco2_wang:test:17,amoxicillin,-6.1524996999999999,-6.0374617576599121,0.1150379423400878,3
caco2_wang:test:18,ampicillin,-5.6999997999999996,-5.9838075637817383,-0.28380776378173861,3
caco2_wang:test:19,Ampicillin,-6.0700002,-5.9838075637817383,0.086192636218261606,3
caco2_wang:test:20,benzylpenicillin,-6.0250000999999997,-5.2018890380859375,0.82311106191406225,3
caco2_wang:test:21,Penicillin G,-5.8697933999999998,-5.2018890380859375,0.66790436191406233,3
caco2_wang:test:22,014-Ampicillin,-6.1023731000000003,-5.9412856101989746,0.16108748980102569,3
caco2_wang:test:23,Zomepirac,-4.6100000999999997,-4.6711840629577637,-0.061183962957763897,3
caco2_wang:test:24,serotonin,-4.8600000999999997,-5.3292250633239746,-0.4692249633239749,3
caco2_wang:test:25,Sumatriptan,-5.6828976000000004,-4.8233833312988281,0.85951426870117231,3
caco2_wang:test:26,tryptophan,-5.3899999000000003,-5.4698395729064941,-0.079839672906493797,3
caco2_wang:test:27,tryptophanamide,-4.9200000999999984,-5.3378982543945312,-0.41789815439453282,3
caco2_wang:test:28,N-acetyl-tryptophanamide,-5.6199999000000025,-5.3171505928039551,0.30284930719604741,3
caco2_wang:test:29,Ac-Trp-Ala-Gly-Gly-Asp-Ala-NH2,-7.4981045999999996,-7.0535211563110352,0.44458344368896441,3
caco2_wang:test:30,Ac-Trp-Ala-Gly-Gly-Lys-Ala-NH2,-7.3099999000000011,-6.6930017471313477,0.61699815286865345,3
caco2_wang:test:31,Acetyl-Trp-Ala-Gly-Gly-Asn-Ala-Amide,-7.29,-6.9781241416931152,0.3118758583068848,3
caco2_wang:test:32,Decursinol angelate (DA),-4.9204097000000004,-4.3630166053771973,0.55739309462280318,3
caco2_wang:test:33,Isoquercitrin (22),-6.2699999999999996,-6.257021427154541,0.012978572845458501,3
caco2_wang:test:34,quercitrin ,-6.0999999000000003,-6.4430623054504403,-0.34306240545044009,3
caco2_wang:test:35,Baohuoside I,-5.8378239000000001,-5.7400283813476562,0.097795518652343802,3
caco2_wang:test:36,Quercitrin (21),-6.0999999000000003,-6.4430623054504403,-0.34306240545044009,3
caco2_wang:test:37,25,-4.6799998,-5.032933235168457,-0.35293343516845699,3
caco2_wang:test:38,45a,-4.8899999000000003,-5.0638313293457031,-0.17383142934570281,3
caco2_wang:test:39,45c,-4.6999997999999996,-4.8927526473999023,-0.1927528473999027,3
caco2_wang:test:40,51a,-4.8899999000000003,-4.7553777694702148,0.13462213052978539,3
caco2_wang:test:41,51e,-5.0500002000000004,-4.7538366317749023,0.29616356822509798,3
caco2_wang:test:42,60c,-4.4899997999999997,-4.6260671615600586,-0.13606736156005891,3
caco2_wang:test:43,51d,-5.3000002000000004,-4.7405657768249512,0.55943442317504921,3
caco2_wang:test:44,hexapeptide 01,-5.8200002,-5.7763309478759766,0.043669252124023297,3
caco2_wang:test:45,hexapeptide 03,-5.8200002,-5.7763309478759766,0.043669252124023297,3
caco2_wang:test:46,hexapeptide 05,-5.8200002,-5.7763309478759766,0.043669252124023297,3
caco2_wang:test:47,hexapeptide 06,-5.8200002,-5.7763309478759766,0.043669252124023297,3
caco2_wang:test:48,hexapeptide 07,-5.8200002,-5.5867719650268564,0.2332282349731436,3
caco2_wang:test:49,hexapeptide 08,-5.8200002,-5.6059684753417969,0.214031724658203,3
caco2_wang:test:50,hexapeptide 09,-5.3000002000000004,-5.6141872406005859,-0.3141870406005855,3
caco2_wang:test:51,hexapeptide 12,-5.8200002,-5.5867719650268564,0.2332282349731436,3
caco2_wang:test:52,hexapeptide 13,-5.8200002,-5.6059684753417969,0.214031724658203,3
caco2_wang:test:53,hexapeptide 14,-5.8200002,-5.6141872406005859,0.20581295939941399,3
caco2_wang:test:54,hexapeptide 18,-5.3000002000000004,-5.6141872406005859,-0.3141870406005855,3
caco2_wang:test:55,hexapeptide 20,-5.8200002,-5.6059684753417969,0.214031724658203,3
caco2_wang:test:56,hexapeptide 22,-5.8200002,-5.4738345146179199,0.34616568538207998,3
caco2_wang:test:57,hexapeptide 23,-5.8200002,-5.4816365242004403,0.33836367579955962,3
caco2_wang:test:58,hexapeptide 24,-5.8200002,-5.4816365242004403,0.33836367579955962,3
caco2_wang:test:59,hexapeptide 25,-5.8200002,-5.4738345146179199,0.34616568538207998,3
caco2_wang:test:60,hexapeptide 26,-5.3000002000000004,-5.4816365242004403,-0.1816363242004399,3
caco2_wang:test:61,hexapeptide 27,-5.3000002000000004,-5.4816365242004403,-0.1816363242004399,3
caco2_wang:test:62,hexapeptide 28,-5,-5.4816365242004403,-0.48163652420044029,3
caco2_wang:test:63,hexapeptide 29,-5.8200002,-5.4816365242004403,0.33836367579955962,3
caco2_wang:test:64,hexapeptide 32,-5.8200002,-5.4816365242004403,0.33836367579955962,3
caco2_wang:test:65,hexapeptide 33,-5.8200002,-5.4816365242004403,0.33836367579955962,3
caco2_wang:test:66,hexapeptide 34,-5.8200002,-5.4816365242004403,0.33836367579955962,3
caco2_wang:test:67,hexapeptide 37,-5.8200002,-5.4738345146179199,0.34616568538207998,3
caco2_wang:test:68,hexapeptide 38,-5.8200002,-5.4816365242004403,0.33836367579955962,3
caco2_wang:test:69,hexapeptide 41,-5.2600002000000003,-5.040595531463623,0.2194046685363773,3
caco2_wang:test:70,hexapeptide 42,-5.8200002,-5.0392131805419922,0.78078701945800777,3
caco2_wang:test:71,hexapeptide 47,-5.3000002000000004,-5.0392131805419922,0.2607870194580082,3
caco2_wang:test:72,hexapeptide 48,-5.3000002000000004,-5.0508508682250977,0.2491493317749027,3
caco2_wang:test:73,hexapeptide 52,-4.6999997999999996,-5.0392131805419922,-0.33921338054199252,3
caco2_wang:test:74,hexapeptide 53,-5.3000002000000004,-5.040595531463623,0.25940466853637728,3
caco2_wang:test:75,hexapeptide 54,-5,-5.0508508682250977,-0.050850868225097601,3
caco2_wang:test:76,hexapeptide 55,-5.3000002000000004,-5.0392131805419922,0.2607870194580082,3
caco2_wang:test:77,hexapeptide 56,-5.0999999000000003,-4.8615117073059082,0.23848819269409199,3
caco2_wang:test:78,hexapeptide 57,-5.1500000999999997,-4.8615117073059082,0.28848839269409149,3
caco2_wang:test:79,hexapeptide 58,-5.3000002000000004,-4.8615117073059082,0.43848849269409218,3
caco2_wang:test:80,hexapeptide 59,-5.3000002000000004,-4.8615117073059082,0.43848849269409218,3
caco2_wang:test:81,hexapeptide 60,-5.3000002000000004,-4.8615117073059082,0.43848849269409218,3
caco2_wang:test:82,hexapeptide 04,-5.8200002,-5.7763309478759766,0.043669252124023297,3
caco2_wang:test:83,hexapeptide 15,-5.8200002,-5.6059684753417969,0.214031724658203,3
caco2_wang:test:84,hexapeptide 16,-5.3000002000000004,-5.5867719650268564,-0.28677176502685597,3
caco2_wang:test:85,hexapeptide 19,-5.8200002,-5.5867719650268564,0.2332282349731436,3
caco2_wang:test:86,hexapeptide 43,-5.8200002,-5.040595531463623,0.77940466853637691,3
caco2_wang:test:87,hexapeptide 51,-5.3000002000000004,-5.0392131805419922,0.2607870194580082,3
caco2_wang:test:88,Chlorprothixene,-4.7399997999999997,-4.3883395195007324,0.35166028049926717,3
caco2_wang:test:89,3,-6.0107207000000002,-5.4800353050231934,0.53068539497680689,3
caco2_wang:test:90,Pyrimethamine,-4.2300000000000004,-4.7801451683044434,-0.55014516830444293,3
caco2_wang:test:91,Stavudine (d4T),-5.3483939000000005,-5.0878376960754403,0.26055620392456008,3
caco2_wang:test:92,PNU200001,-6.6999997999999996,-6.5514316558837891,0.1485681441162105,3
caco2_wang:test:93,PNU200969,-6.1524510000000001,-6.6398077011108398,-0.48735670111083967,3
caco2_wang:test:94,PNU200969,-6.1500000999999997,-6.6402750015258789,-0.4902749015258791,3
caco2_wang:test:95,"Apigenin (5,7,4'-THF)",-4.9821800999999999,-5.2606163024902344,-0.27843620249023449,3
caco2_wang:test:96,"7,4'-DMF",-4.6010299000000003,-4.4982881546020508,0.1027417453979495,3
caco2_wang:test:97,Kaempferol (16),-4.9899997999999997,-5.8164372444152832,-0.82643744441528355,3
caco2_wang:test:98,Tamarixetin (17),-5.0013065000000001,-5.8140802383422852,-0.81277373834228506,3
caco2_wang:test:99,Apometzgerin (2),-4.9499997999999996,-5.4199361801147461,-0.46993638011474648,3
caco2_wang:test:100,kaempferide ,-5.1900000999999998,-5.3705239295959473,-0.1805238295959474,3
caco2_wang:test:101,7-MF,-4.6479458999999999,-4.4528803825378418,0.195065517462158,3
caco2_wang:test:102,"5,7-DMF",-4.6313224000000002,-4.5220818519592285,0.1092405480407716,3
caco2_wang:test:103,"5,7,4'-TMF",-4.5595455000000005,-4.5942049026489258,-0.034659402648925301,3
caco2_wang:test:104,"7,4'-DHF",-5.2123350999999998,-4.8250832557678223,0.38725184423217751,3
caco2_wang:test:105,Flavone,-3.9201082999999999,-4.1734156608581543,-0.25330736085815442,3
caco2_wang:test:106,"Chrysin (5,7-DHF)",-5.0105972000000003,-4.7986388206481934,0.21195837935180689,3
caco2_wang:test:107,Icajine (Ica),-4.5816797999999999,-4.888251781463623,-0.30657198146362319,3
caco2_wang:test:108,Astilbin,-6.8200002000000008,-6.4923505783081055,0.32764962169189538,3
caco2_wang:test:109,Phenobarbital,-4.6300000999999984,-4.6388969421386719,-0.0088968421386733994,3
caco2_wang:test:110,74,-5.6989698000000004,-5.3058958053588867,0.3930739946411137,3
caco2_wang:test:111,884-14b,-5.050365900000001,-4.7813138961791992,0.26905200382080169,3
caco2_wang:test:112,"883-(cis)-[2-(E-Phenylvinyl)-1,3-dioxan-5-yl]phenylacetamide (14a)",-5.0498786000000004,-4.6287317276000977,0.42114687239990278,3
caco2_wang:test:113,carboxamido 28,-4.0599998999999984,-4.7188663482666016,-0.65886644826660312,3
caco2_wang:test:114,MEN14970,-4.9309067999999998,-5.1649594306945801,-0.23405263069458021,3
caco2_wang:test:115,Pranoprofen; pyranoprofen,-4.3899999000000003,-4.4488615989685059,-0.058861698968505502,3
caco2_wang:test:116,D,-5.489058,-5.2802653312683114,0.2087926687316885,3
caco2_wang:test:117,13h,-5.3600000999999997,-5.1548943519592285,0.2051057480407712,3
caco2_wang:test:118,13i,-5.5900002000000004,-5.2219381332397461,0.36806206676025433,3
caco2_wang:test:119,13j,-5.2450004000000003,-5.1498265266418457,0.095173873358154595,3
caco2_wang:test:120,Ceftriaxone,-6.6047130000000003,-6.5095453262329102,0.095167673767090094,3
caco2_wang:test:121,ceftriaxone,-6.7649999000000012,-6.5095453262329102,0.25545457376709102,3
caco2_wang:test:122,SDZ-RAD,-4.6300000999999984,-5.0349225997924805,-0.40492249979248202,3
caco2_wang:test:123,creatinine,-5.9354090999999976,-5.1605134010314941,0.77489569896850341,3
caco2_wang:test:124,Efavirenz,-4.0500002000000004,-4.4340705871582031,-0.38407038715820269,3
caco2_wang:test:125,25,-5.3099999000000002,-5.0505094528198242,0.259490447180176,3
caco2_wang:test:126,Salvianolic acid A (SAA),-7.2277411999999996,-6.3507366180419922,0.87700458195800746,3
caco2_wang:test:127,234-Cortisone,-4.5086384000000015,-4.7658567428588867,-0.25721834285888517,3
caco2_wang:test:128,PNU-184147,-4.7423639,-5.0188078880310059,-0.27644398803100589,3
caco2_wang:test:129,PNU-184249,-4.4579659000000005,-4.9464693069458008,-0.4885034069458003,3
caco2_wang:test:130,3,-4.5418171999999997,-4.3257946968078613,0.21602250319213831,3
caco2_wang:test:131,(Z)-19b,-5.4000000999999997,-5.2030353546142578,0.19696474538574191,3
caco2_wang:test:132,(Z)-19d,-5.4200000999999975,-5.1183395385742188,0.30166056142577879,3
caco2_wang:test:133,4b,-6,-5.4487247467041016,0.55127525329589844,3
caco2_wang:test:134,4c,-5.9000000999999997,-5.176978588104248,0.7230215118957517,3
caco2_wang:test:135,4f,-6,-6.0619773864746094,-0.061977386474609299,3
caco2_wang:test:136,4g,-5.5,-5.231132984161377,0.26886701583862299,3
caco2_wang:test:137,4h,-5.3000002000000004,-5.3662261962890634,-0.066225996289063005,3
caco2_wang:test:138,4d,-5.5,-5.3639225959777832,0.1360774040222168,3
caco2_wang:test:139,Zearalenone (ZEN),-4.9800000000000004,-4.7941493988037109,0.18585060119628949,3
caco2_wang:test:140,17,-6.1883749999999997,-5.7406082153320312,0.44776678466796849,3
caco2_wang:test:141,34,-6.3723635999999999,-5.8815054893493652,0.49085811065063462,3
caco2_wang:test:142,DXG (9),-6.1599997999999996,-7.0394744873046884,-0.87947468730468881,3
caco2_wang:test:143,EF5264,-4.5100002000000003,-4.2897863388061523,0.220213861193848,3
caco2_wang:test:144,1,-4.7597256000000003,-4.7967934608459473,-0.037067860845946897,3
caco2_wang:test:145,Roxithromycin,-5.7397189000000015,-5.615567684173584,0.1241512158264175,3
caco2_wang:test:146,205-Fluoxetine,-4.9299622000000003,-4.5203094482421884,0.40965275175781191,3
caco2_wang:test:147,Fluoxetine,-4.5500002000000004,-4.381805419921875,0.1681947800781253,3
caco2_wang:test:148,1029-Dihydrotetrabenazine isomer,-4.5986857000000008,-4.6857366561889648,-0.087050956188963996,3
caco2_wang:test:149,Dihydrotetrabenazine isomer A,-4.6799998,-4.6857366561889648,-0.0057368561889647998,3
caco2_wang:test:150,Oxacillin,-4.8797115999999994,-5.4724469184875488,-0.59273531848754946,3
caco2_wang:test:151,oxacillin,-5.5799999000000025,-5.3782720565795898,0.20172784342041261,3
caco2_wang:test:152,elarofiban,-6.21,-5.704401969909668,0.505598030090332,3
caco2_wang:test:153,hesperetin ,-4.7399997999999997,-5.3655800819396973,-0.62558028193969761,3
caco2_wang:test:154,naringenin,-4.6550001999999999,-5.1744728088378906,-0.5194726088378907,3
caco2_wang:test:155,Eriodictyol (28),-5.2800001999999999,-5.7502970695495605,-0.47029686954956063,3
caco2_wang:test:156,Liquiritigenin (LG),-4.8000002000000004,-4.7650938034057617,0.034906396594238602,3
caco2_wang:test:157,eriodictyol ,-5.2800001999999999,-5.7502970695495605,-0.47029686954956063,3
caco2_wang:test:158,Taxifolin (29),-6.5093192999999996,-6.396697998046875,0.1126213019531245,3
caco2_wang:test:159,PNU-184421,-4.3783754999999998,-4.6049947738647461,-0.22661927386474631,3
caco2_wang:test:160,26,-4.6900000999999998,-5.0955572128295898,-0.40555711282959001,3
caco2_wang:test:161,N-desmethylclozapine,-4.6799998,-4.7230939865112314,-0.0430941865112313,3
caco2_wang:test:162,clozapine,-4.5100002000000003,-4.5263004302978516,-0.016300230297851201,3
caco2_wang:test:163,Pseudostrychnine (Psd),-4.6001629999999984,-5.0637044906616211,-0.46354149066162259,3
caco2_wang:test:164,Beta-colubrine (Col),-4.5717444,-4.9262905120849609,-0.3545461120849609,3
caco2_wang:test:165,Strychnine (Str),-4.5086198,-4.7923908233642578,-0.2837710233642578,3
caco2_wang:test:166,Brucine (Bru),-4.7786422000000002,-5.0043187141418457,-0.2256765141418455,3
caco2_wang:test:167,5d,-6.0999999000000003,-5.2228198051452637,0.87718009485473658,3
caco2_wang:test:168,Org 34037,-4.7199998000000001,-4.5471563339233398,0.17284346607666021,3
caco2_wang:test:169,Pravastatin,-5.8699999000000025,-5.6581368446350098,0.2118630553649927,3
caco2_wang:test:170,pravastatin,-5.8400002000000004,-5.6581368446350098,0.1818633553649906,3
caco2_wang:test:171,Alfuzosin,-5.6399999000000003,-5.2157902717590332,0.42420962824096708,3
caco2_wang:test:172,ursolic acid,-5.5500002000000004,-5.7045459747314453,-0.1545457747314449,3
caco2_wang:test:173,Amitriptyline,-4.2600002000000003,-4.7288336753845215,-0.46883347538452108,3
caco2_wang:test:174,732-Amitriptyline,-3.9006647999999999,-4.7288336753845215,-0.82816887538452155,3
caco2_wang:test:175,Astemizole,-5.1500000999999997,-5.033332347869873,0.1166677521301267,3
caco2_wang:test:176,Digoxin,-5.6316041999999999,-5.9424729347229004,-0.31086873472290039,3
caco2_wang:test:177,Trimethobenzamide,-4.96,-4.6647114753723145,0.29528852462768551,3
caco2_wang:test:178,EF5261,-4.4000000999999997,-4.6150031089782724,-0.2150030089782726,3
caco2_wang:test:179,puerarin ,-6.4000000999999997,-6.3311910629272461,0.068809037072753598,3
caco2_wang:test:180,Puerarin (34),-6.3989700999999997,-6.3311910629272461,0.067779037072753498,3
caco2_wang:test:181,E28,-5.1500000999999997,-4.9801039695739746,0.16989613042602511,3
caco2_wang:test:0,I-II,-5.6900000999999998,-5.5912423133850098,0.098757786614990004,4
caco2_wang:test:1,aceclofenac,-4.4099997999999996,-4.8014640808105469,-0.39146428081054729,4
caco2_wang:test:2,Diclofenac,-4.4606810000000001,-4.8357305526733398,-0.37504955267333973,4
caco2_wang:test:3,amfenac sodium,-4.5199999999999996,-5.3796324729919434,-0.85963247299194379,4
caco2_wang:test:4,Amfenac,-4.5199999999999996,-4.7913985252380371,-0.27139852523803748,4
caco2_wang:test:5,(Z)-19e,-4.8299999000000016,-5.2509331703186044,-0.42093327031860278,4
caco2_wang:test:6,2h,-4.6020598000000001,-4.8212809562683114,-0.21922115626831129,4
caco2_wang:test:7,2g,-4.5686363999999999,-4.6642389297485352,-0.095602529748535198,4
caco2_wang:test:8,2f,-4.7447276,-4.6960196495056152,0.048707950494384797,4
caco2_wang:test:9,1,-4.4685210999999994,-4.6680431365966797,-0.1995220365966803,4
caco2_wang:test:10,1,-5.7423639,-5.5447044372558594,0.19765946274414059,4
caco2_wang:test:11,Tacrolimus,-5.1500000999999997,-5.3155918121337891,-0.16559171213378929,4
caco2_wang:test:12,Deoxynivalenol (DON),-5.3005152000000004,-5.4078369140625,-0.1073217140624995,4
caco2_wang:test:13,OXo,-4.7199998000000001,-4.5226526260375977,0.19734717396240239,4
caco2_wang:test:14,Sparfloxacin (SPX),-4.7784066000000003,-5.2174472808837891,-0.43904068088378878,4
caco2_wang:test:15,Grepafloxacin HCl,-4.8899999000000003,-4.8089208602905273,0.081079039709472903,4
caco2_wang:test:16,Biliverdin,-5.6290044999999997,-6.1343240737915039,-0.50531957379150416,4
caco2_wang:test:17,amoxicillin,-6.1524996999999999,-6.2763500213623047,-0.1238503213623047,4
caco2_wang:test:18,ampicillin,-5.6999997999999996,-6.2356486320495605,-0.53564883204956093,4
caco2_wang:test:19,Ampicillin,-6.0700002,-6.2356486320495605,-0.16564843204956059,4
caco2_wang:test:20,benzylpenicillin,-6.0250000999999997,-5.2209773063659668,0.80402279363403295,4
caco2_wang:test:21,Penicillin G,-5.8697933999999998,-5.2209773063659668,0.64881609363403303,4
caco2_wang:test:22,014-Ampicillin,-6.1023731000000003,-6.0109014511108398,0.091471648889160401,4
caco2_wang:test:23,Zomepirac,-4.6100000999999997,-4.5090727806091309,0.1009273193908688,4
caco2_wang:test:24,serotonin,-4.8600000999999997,-5.3414974212646484,-0.48149732126464873,4
caco2_wang:test:25,Sumatriptan,-5.6828976000000004,-4.6930904388427734,0.989807161157227,4
caco2_wang:test:26,tryptophan,-5.3899999000000003,-5.4025158882141113,-0.012515988214111,4
caco2_wang:test:27,tryptophanamide,-4.9200000999999984,-5.4652814865112314,-0.54528138651123292,4
caco2_wang:test:28,N-acetyl-tryptophanamide,-5.6199999000000025,-5.3081650733947754,0.3118348266052271,4
caco2_wang:test:29,Ac-Trp-Ala-Gly-Gly-Asp-Ala-NH2,-7.4981045999999996,-6.7456531524658203,0.75245144753417925,4
caco2_wang:test:30,Ac-Trp-Ala-Gly-Gly-Lys-Ala-NH2,-7.3099999000000011,-6.571753978729248,0.73824592127075306,4
caco2_wang:test:31,Acetyl-Trp-Ala-Gly-Gly-Asn-Ala-Amide,-7.29,-6.652318000793457,0.637681999206543,4
caco2_wang:test:32,Decursinol angelate (DA),-4.9204097000000004,-4.3786439895629883,0.54176571043701216,4
caco2_wang:test:33,Isoquercitrin (22),-6.2699999999999996,-6.351475715637207,-0.081475715637207402,4
caco2_wang:test:34,quercitrin ,-6.0999999000000003,-6.3634023666381836,-0.26340246663818329,4
caco2_wang:test:35,Baohuoside I,-5.8378239000000001,-6.2894659042358398,-0.45164200423583978,4
caco2_wang:test:36,Quercitrin (21),-6.0999999000000003,-6.3634023666381836,-0.26340246663818329,4
caco2_wang:test:37,25,-4.6799998,-5.0882196426391602,-0.40821984263916011,4
caco2_wang:test:38,45a,-4.8899999000000003,-4.999178409576416,-0.1091785095764157,4
caco2_wang:test:39,45c,-4.6999997999999996,-4.9520492553710938,-0.25204945537109408,4
caco2_wang:test:40,51a,-4.8899999000000003,-4.8118648529052734,0.078135047094726795,4
caco2_wang:test:41,51e,-5.0500002000000004,-4.7494549751281738,0.3005452248718265,4
caco2_wang:test:42,60c,-4.4899997999999997,-4.6866579055786133,-0.1966581055786136,4
caco2_wang:test:43,51d,-5.3000002000000004,-4.7028617858886719,0.59713841411132851,4
caco2_wang:test:44,hexapeptide 01,-5.8200002,-6.3306107521057129,-0.51061055210571293,4
caco2_wang:test:45,hexapeptide 03,-5.8200002,-6.3306107521057129,-0.51061055210571293,4
caco2_wang:test:46,hexapeptide 05,-5.8200002,-6.3306107521057129,-0.51061055210571293,4
caco2_wang:test:47,hexapeptide 06,-5.8200002,-6.3306107521057129,-0.51061055210571293,4
caco2_wang:test:48,hexapeptide 07,-5.8200002,-5.6718683242797852,0.1481318757202148,4
caco2_wang:test:49,hexapeptide 08,-5.8200002,-5.6733593940734863,0.1466408059265136,4
caco2_wang:test:50,hexapeptide 09,-5.3000002000000004,-5.6816892623901367,-0.38168906239013628,4
caco2_wang:test:51,hexapeptide 12,-5.8200002,-5.6718683242797852,0.1481318757202148,4
caco2_wang:test:52,hexapeptide 13,-5.8200002,-5.6733593940734863,0.1466408059265136,4
caco2_wang:test:53,hexapeptide 14,-5.8200002,-5.6816892623901367,0.13831093760986321,4
caco2_wang:test:54,hexapeptide 18,-5.3000002000000004,-5.6816892623901367,-0.38168906239013628,4
caco2_wang:test:55,hexapeptide 20,-5.8200002,-5.6733593940734863,0.1466408059265136,4
caco2_wang:test:56,hexapeptide 22,-5.8200002,-5.6096644401550293,0.2103357598449706,4
caco2_wang:test:57,hexapeptide 23,-5.8200002,-5.6190047264099121,0.20099547359008779,4
caco2_wang:test:58,hexapeptide 24,-5.8200002,-5.6190047264099121,0.20099547359008779,4
caco2_wang:test:59,hexapeptide 25,-5.8200002,-5.6096644401550293,0.2103357598449706,4
caco2_wang:test:60,hexapeptide 26,-5.3000002000000004,-5.6190047264099121,-0.31900452640991173,4
caco2_wang:test:61,hexapeptide 27,-5.3000002000000004,-5.6190047264099121,-0.31900452640991173,4
caco2_wang:test:62,hexapeptide 28,-5,-5.6190047264099121,-0.61900472640991211,4
caco2_wang:test:63,hexapeptide 29,-5.8200002,-5.6190047264099121,0.20099547359008779,4
caco2_wang:test:64,hexapeptide 32,-5.8200002,-5.6190047264099121,0.20099547359008779,4
caco2_wang:test:65,hexapeptide 33,-5.8200002,-5.6190047264099121,0.20099547359008779,4
caco2_wang:test:66,hexapeptide 34,-5.8200002,-5.6190047264099121,0.20099547359008779,4
caco2_wang:test:67,hexapeptide 37,-5.8200002,-5.6096644401550293,0.2103357598449706,4
caco2_wang:test:68,hexapeptide 38,-5.8200002,-5.6190047264099121,0.20099547359008779,4
caco2_wang:test:69,hexapeptide 41,-5.2600002000000003,-5.2427377700805664,0.0172624299194339,4
caco2_wang:test:70,hexapeptide 42,-5.8200002,-5.2420229911804199,0.57797720881958004,4
caco2_wang:test:71,hexapeptide 47,-5.3000002000000004,-5.2420229911804199,0.057977208819580399,4
caco2_wang:test:72,hexapeptide 48,-5.3000002000000004,-5.2485861778259277,0.0514140221740726,4
caco2_wang:test:73,hexapeptide 52,-4.6999997999999996,-5.2420229911804199,-0.54202319118042031,4
caco2_wang:test:74,hexapeptide 53,-5.3000002000000004,-5.2427377700805664,0.057262429919433901,4
caco2_wang:test:75,hexapeptide 54,-5,-5.2485861778259277,-0.24858617782592771,4
caco2_wang:test:76,hexapeptide 55,-5.3000002000000004,-5.2420229911804199,0.057977208819580399,4
caco2_wang:test:77,hexapeptide 56,-5.0999999000000003,-4.9564499855041504,0.14354991449584981,4
caco2_wang:test:78,hexapeptide 57,-5.1500000999999997,-4.9564499855041504,0.1935501144958493,4
caco2_wang:test:79,hexapeptide 58,-5.3000002000000004,-4.9564499855041504,0.34355021449584999,4
caco2_wang:test:80,hexapeptide 59,-5.3000002000000004,-4.9564499855041504,0.34355021449584999,4
caco2_wang:test:81,hexapeptide 60,-5.3000002000000004,-4.9564499855041504,0.34355021449584999,4
caco2_wang:test:82,hexapeptide 04,-5.8200002,-6.3306107521057129,-0.51061055210571293,4
caco2_wang:test:83,hexapeptide 15,-5.8200002,-5.6733593940734863,0.1466408059265136,4
caco2_wang:test:84,hexapeptide 16,-5.3000002000000004,-5.6718683242797852,-0.37186812427978477,4
caco2_wang:test:85,hexapeptide 19,-5.8200002,-5.6718683242797852,0.1481318757202148,4
caco2_wang:test:86,hexapeptide 43,-5.8200002,-5.2427377700805664,0.57726242991943355,4
caco2_wang:test:87,hexapeptide 51,-5.3000002000000004,-5.2420229911804199,0.057977208819580399,4
caco2_wang:test:88,Chlorprothixene,-4.7399997999999997,-4.3355827331542969,0.40441706684570278,4
caco2_wang:test:89,3,-6.0107207000000002,-6.1335124969482422,-0.1227917969482419,4
caco2_wang:test:90,Pyrimethamine,-4.2300000000000004,-4.7231545448303223,-0.49315454483032178,4
caco2_wang:test:91,Stavudine (d4T),-5.3483939000000005,-5.0057721138000488,0.34262178619995159,4
caco2_wang:test:92,PNU200001,-6.6999997999999996,-6.6638836860656738,0.036116113934325698,4
caco2_wang:test:93,PNU200969,-6.1524510000000001,-6.4705052375793457,-0.31805423757934559,4
caco2_wang:test:94,PNU200969,-6.1500000999999997,-6.4851932525634766,-0.33519315256347681,4
caco2_wang:test:95,"Apigenin (5,7,4'-THF)",-4.9821800999999999,-5.1237020492553711,-0.1415219492553712,4
caco2_wang:test:96,"7,4'-DMF",-4.6010299000000003,-4.5905609130859375,0.010468986914062801,4
caco2_wang:test:97,Kaempferol (16),-4.9899997999999997,-5.7281241416931152,-0.73812434169311558,4
caco2_wang:test:98,Tamarixetin (17),-5.0013065000000001,-5.8105621337890634,-0.80925563378906329,4
caco2_wang:test:99,Apometzgerin (2),-4.9499997999999996,-5.3975443840026855,-0.44754458400268587,4
caco2_wang:test:100,kaempferide ,-5.1900000999999998,-5.2633442878723145,-0.073344187872314601,4
caco2_wang:test:101,7-MF,-4.6479458999999999,-4.4915585517883301,0.15638734821166969,4
caco2_wang:test:102,"5,7-DMF",-4.6313224000000002,-4.5129752159118652,0.1183471840881349,4
caco2_wang:test:103,"5,7,4'-TMF",-4.5595455000000005,-4.593836784362793,-0.034291284362792399,4
caco2_wang:test:104,"7,4'-DHF",-5.2123350999999998,-4.7153348922729492,0.4970002077270505,4
caco2_wang:test:105,Flavone,-3.9201082999999999,-4.2937908172607422,-0.37368251726074231,4
caco2_wang:test:106,"Chrysin (5,7-DHF)",-5.0105972000000003,-4.7312989234924316,0.27929827650756861,4
caco2_wang:test:107,Icajine (Ica),-4.5816797999999999,-4.7794680595397949,-0.19778825953979501,4
caco2_wang:test:108,Astilbin,-6.8200002000000008,-6.4419479370117188,0.3780522629882821,4
caco2_wang:test:109,Phenobarbital,-4.6300000999999984,-4.5482873916625977,0.0817127083374007,4
caco2_wang:test:110,74,-5.6989698000000004,-5.5698032379150391,0.1291665620849613,4
caco2_wang:test:111,884-14b,-5.050365900000001,-4.838597297668457,0.2117686023315439,4
caco2_wang:test:112,"883-(cis)-[2-(E-Phenylvinyl)-1,3-dioxan-5-yl]phenylacetamide (14a)",-5.0498786000000004,-4.6274228096008301,0.42245579039917031,4
caco2_wang:test:113,carboxamido 28,-4.0599998999999984,-4.7703580856323242,-0.71035818563232578,4
caco2_wang:test:114,MEN14970,-4.9309067999999998,-5.0577688217163086,-0.1268620217163087,4
caco2_wang:test:115,Pranoprofen; pyranoprofen,-4.3899999000000003,-4.4526748657226562,-0.062674965722655906,4
caco2_wang:test:116,D,-5.489058,-5.3307738304138184,0.15828416958618161,4
caco2_wang:test:117,13h,-5.3600000999999997,-5.2154021263122559,0.1445979736877438,4
caco2_wang:test:118,13i,-5.5900002000000004,-5.33740234375,0.25259785625000042,4
caco2_wang:test:119,13j,-5.2450004000000003,-5.3039884567260742,-0.058988056726073802,4
caco2_wang:test:120,Ceftriaxone,-6.6047130000000003,-6.3611230850219727,0.24358991497802759,4
caco2_wang:test:121,ceftriaxone,-6.7649999000000012,-6.3611230850219727,0.40387681497802852,4
caco2_wang:test:122,SDZ-RAD,-4.6300000999999984,-5.3157072067260742,-0.68570710672607582,4
caco2_wang:test:123,creatinine,-5.9354090999999976,-4.9299259185791016,1.005483181420896,4
caco2_wang:test:124,Efavirenz,-4.0500002000000004,-4.4386963844299316,-0.3886961844299312,4
caco2_wang:test:125,25,-5.3099999000000002,-5.0120601654052734,0.29793973459472678,4
caco2_wang:test:126,Salvianolic acid A (SAA),-7.2277411999999996,-6.7624874114990234,0.46525378850097621,4
caco2_wang:test:127,234-Cortisone,-4.5086384000000015,-4.7382316589355469,-0.2295932589355453,4
caco2_wang:test:128,PNU-184147,-4.7423639,-4.7152853012084961,0.027078598791503799,4
caco2_wang:test:129,PNU-184249,-4.4579659000000005,-4.7278647422790527,-0.2698988422790522,4
caco2_wang:test:130,3,-4.5418171999999997,-4.3146944046020508,0.2271227953979488,4
caco2_wang:test:131,(Z)-19b,-5.4000000999999997,-5.4913516044616699,-0.091351504461670105,4
caco2_wang:test:132,(Z)-19d,-5.4200000999999975,-5.2311286926269531,0.18887140737304439,4
caco2_wang:test:133,4b,-6,-5.5913310050964364,0.40866899490356351,4
caco2_wang:test:134,4c,-5.9000000999999997,-5.3237423896789551,0.57625771032104467,4
caco2_wang:test:135,4f,-6,-5.852027416229248,0.1479725837707519,4
caco2_wang:test:136,4g,-5.5,-5.2997808456420898,0.2002191543579101,4
caco2_wang:test:137,4h,-5.3000002000000004,-5.3054804801940918,-0.0054802801940913998,4
caco2_wang:test:138,4d,-5.5,-5.3634366989135742,0.1365633010864257,4
caco2_wang:test:139,Zearalenone (ZEN),-4.9800000000000004,-4.8572821617126474,0.122717838287353,4
caco2_wang:test:140,17,-6.1883749999999997,-5.9777946472167969,0.21058035278320281,4
caco2_wang:test:141,34,-6.3723635999999999,-5.9623908996582031,0.40997270034179678,4
caco2_wang:test:142,DXG (9),-6.1599997999999996,-6.954768180847168,-0.79476838084716839,4
caco2_wang:test:143,EF5264,-4.5100002000000003,-4.2974929809570312,0.2125072190429691,4
caco2_wang:test:144,1,-4.7597256000000003,-4.7164711952209473,0.043254404779052999,4
caco2_wang:test:145,Roxithromycin,-5.7397189000000015,-5.7493443489074707,-0.0096254489074690999,4
caco2_wang:test:146,205-Fluoxetine,-4.9299622000000003,-4.4104456901550293,0.519516509844971,4
caco2_wang:test:147,Fluoxetine,-4.5500002000000004,-4.409449577331543,0.14055062266845739,4
caco2_wang:test:148,1029-Dihydrotetrabenazine isomer,-4.5986857000000008,-4.4927115440368652,0.1059741559631355,4
caco2_wang:test:149,Dihydrotetrabenazine isomer A,-4.6799998,-4.4927115440368652,0.18728825596313481,4
caco2_wang:test:150,Oxacillin,-4.8797115999999994,-5.6064496040344238,-0.72673800403442446,4
caco2_wang:test:151,oxacillin,-5.5799999000000025,-5.5790519714355469,0.00094792856445550004,4
caco2_wang:test:152,elarofiban,-6.21,-5.7786779403686523,0.43132205963134762,4
caco2_wang:test:153,hesperetin ,-4.7399997999999997,-5.1946797370910645,-0.4546799370910648,4
caco2_wang:test:154,naringenin,-4.6550001999999999,-4.9705138206481934,-0.31551362064819338,4
caco2_wang:test:155,Eriodictyol (28),-5.2800001999999999,-5.7309207916259766,-0.45092059162597659,4
caco2_wang:test:156,Liquiritigenin (LG),-4.8000002000000004,-4.6174612045288086,0.18253899547119179,4
caco2_wang:test:157,eriodictyol ,-5.2800001999999999,-5.7309207916259766,-0.45092059162597659,4
caco2_wang:test:158,Taxifolin (29),-6.5093192999999996,-6.4190073013305664,0.090311998669433097,4
caco2_wang:test:159,PNU-184421,-4.3783754999999998,-4.5786342620849609,-0.2002587620849611,4
caco2_wang:test:160,26,-4.6900000999999998,-5.200047492980957,-0.51004739298095725,4
caco2_wang:test:161,N-desmethylclozapine,-4.6799998,-4.7245736122131348,-0.044573812213134702,4
caco2_wang:test:162,clozapine,-4.5100002000000003,-4.5173635482788086,-0.0073633482788082001,4
caco2_wang:test:163,Pseudostrychnine (Psd),-4.6001629999999984,-4.8634233474731445,-0.26326034747314608,4
caco2_wang:test:164,Beta-colubrine (Col),-4.5717444,-4.8892817497253418,-0.3175373497253417,4
caco2_wang:test:165,Strychnine (Str),-4.5086198,-4.9673991203308105,-0.45877932033081059,4
caco2_wang:test:166,Brucine (Bru),-4.7786422000000002,-5.1951689720153809,-0.41652677201538069,4
caco2_wang:test:167,5d,-6.0999999000000003,-5.5982379913330078,0.50176190866699244,4
caco2_wang:test:168,Org 34037,-4.7199998000000001,-4.547940731048584,0.17205906895141609,4
caco2_wang:test:169,Pravastatin,-5.8699999000000025,-5.8330235481262207,0.036976351873781697,4
caco2_wang:test:170,pravastatin,-5.8400002000000004,-5.8330235481262207,0.0069766518737797,4
caco2_wang:test:171,Alfuzosin,-5.6399999000000003,-5.2021040916442871,0.43789580835571318,4
caco2_wang:test:172,ursolic acid,-5.5500002000000004,-5.5805644989013672,-0.030564298901366801,4
caco2_wang:test:173,Amitriptyline,-4.2600002000000003,-4.6189084053039551,-0.35890820530395467,4
caco2_wang:test:174,732-Amitriptyline,-3.9006647999999999,-4.6189084053039551,-0.71824360530395515,4
caco2_wang:test:175,Astemizole,-5.1500000999999997,-5.1268758773803711,0.023124222619628602,4
caco2_wang:test:176,Digoxin,-5.6316041999999999,-6.5034055709838867,-0.87180137098388677,4
caco2_wang:test:177,Trimethobenzamide,-4.96,-4.5696816444396973,0.3903183555603027,4
caco2_wang:test:178,EF5261,-4.4000000999999997,-4.7265357971191406,-0.32653569711914088,4
caco2_wang:test:179,puerarin ,-6.4000000999999997,-6.2705807685852051,0.12941933141479459,4
caco2_wang:test:180,Puerarin (34),-6.3989700999999997,-6.2705807685852051,0.1283893314147945,4
caco2_wang:test:181,E28,-5.1500000999999997,-5.1600346565246582,-0.0100345565246584,4
caco2_wang:test:0,I-II,-5.6900000999999998,-5.6254849433898926,0.064515156610107205,5
caco2_wang:test:1,aceclofenac,-4.4099997999999996,-4.7384076118469238,-0.32840781184692419,5
caco2_wang:test:2,Diclofenac,-4.4606810000000001,-4.7322921752929688,-0.27161117529296858,5
caco2_wang:test:3,amfenac sodium,-4.5199999999999996,-5.145045280456543,-0.6250452804565434,5
caco2_wang:test:4,Amfenac,-4.5199999999999996,-4.9440841674804688,-0.42408416748046918,5
caco2_wang:test:5,(Z)-19e,-4.8299999000000016,-5.278167724609375,-0.44816782460937338,5
caco2_wang:test:6,2h,-4.6020598000000001,-4.6660480499267578,-0.063988249926757598,5
caco2_wang:test:7,2g,-4.5686363999999999,-4.7819089889526367,-0.21327258895263679,5
caco2_wang:test:8,2f,-4.7447276,-4.5562748908996582,0.18845270910034179,5
caco2_wang:test:9,1,-4.4685210999999994,-4.533322811126709,-0.064801711126709599,5
caco2_wang:test:10,1,-5.7423639,-5.464787483215332,0.27757641678466788,5
caco2_wang:test:11,Tacrolimus,-5.1500000999999997,-5.1279430389404297,0.022057061059570001,5
caco2_wang:test:12,Deoxynivalenol (DON),-5.3005152000000004,-5.2800016403198242,0.020513559680176201,5
caco2_wang:test:13,OXo,-4.7199998000000001,-4.6618123054504403,0.058187494549559703,5
caco2_wang:test:14,Sparfloxacin (SPX),-4.7784066000000003,-5.2016897201538086,-0.42328312015380831,5
caco2_wang:test:15,Grepafloxacin HCl,-4.8899999000000003,-4.8678984642028809,0.022101435797119401,5
caco2_wang:test:16,Biliverdin,-5.6290044999999997,-5.8695974349975586,-0.24059293499755879,5
caco2_wang:test:17,amoxicillin,-6.1524996999999999,-6.0221519470214844,0.1303477529785155,5
caco2_wang:test:18,ampicillin,-5.6999997999999996,-5.7622284889221191,-0.062228688922119503,5
caco2_wang:test:19,Ampicillin,-6.0700002,-5.7622284889221191,0.30777171107788082,5
caco2_wang:test:20,benzylpenicillin,-6.0250000999999997,-5.1840248107910156,0.84097528920898412,5
caco2_wang:test:21,Penicillin G,-5.8697933999999998,-5.1840248107910156,0.6857685892089842,5
caco2_wang:test:22,014-Ampicillin,-6.1023731000000003,-5.6512994766235352,0.45107362337646512,5
caco2_wang:test:23,Zomepirac,-4.6100000999999997,-4.5399618148803711,0.070038285119628604,5
caco2_wang:test:24,serotonin,-4.8600000999999997,-5.2729849815368652,-0.41298488153686552,5
caco2_wang:test:25,Sumatriptan,-5.6828976000000004,-4.6580691337585449,1.0248284662414555,5
caco2_wang:test:26,tryptophan,-5.3899999000000003,-5.6233377456665039,-0.23333784566650359,5
caco2_wang:test:27,tryptophanamide,-4.9200000999999984,-5.497992992401123,-0.57799289240112461,5
caco2_wang:test:28,N-acetyl-tryptophanamide,-5.6199999000000025,-5.3228778839111328,0.29712201608886968,5
caco2_wang:test:29,Ac-Trp-Ala-Gly-Gly-Asp-Ala-NH2,-7.4981045999999996,-6.5888662338256836,0.90923836617431597,5
caco2_wang:test:30,Ac-Trp-Ala-Gly-Gly-Lys-Ala-NH2,-7.3099999000000011,-6.5777053833007812,0.73229451669921986,5
caco2_wang:test:31,Acetyl-Trp-Ala-Gly-Gly-Asn-Ala-Amide,-7.29,-6.5128564834594727,0.77714351654052738,5
caco2_wang:test:32,Decursinol angelate (DA),-4.9204097000000004,-4.3740758895874023,0.5463338104125981,5
caco2_wang:test:33,Isoquercitrin (22),-6.2699999999999996,-6.2531919479370117,0.016808052062987799,5
caco2_wang:test:34,quercitrin ,-6.0999999000000003,-6.3752841949462891,-0.27528429494628881,5
caco2_wang:test:35,Baohuoside I,-5.8378239000000001,-6.112006664276123,-0.27418276427612298,5
caco2_wang:test:36,Quercitrin (21),-6.0999999000000003,-6.3752841949462891,-0.27528429494628881,5
caco2_wang:test:37,25,-4.6799998,-5.4504351615905762,-0.77043536159057613,5
caco2_wang:test:38,45a,-4.8899999000000003,-5.4238648414611816,-0.53386494146118135,5
caco2_wang:test:39,45c,-4.6999997999999996,-5.3489136695861816,-0.64891386958618202,5
caco2_wang:test:40,51a,-4.8899999000000003,-5.2769441604614258,-0.38694426046142549,5
caco2_wang:test:41,51e,-5.0500002000000004,-5.2642903327941895,-0.21429013279418899,5
caco2_wang:test:42,60c,-4.4899997999999997,-5.2589483261108398,-0.76894852611084019,5
caco2_wang:test:43,51d,-5.3000002000000004,-5.2449302673339844,0.055069932666016001,5
caco2_wang:test:44,hexapeptide 01,-5.8200002,-6.1349163055419922,-0.31491610554199218,5
caco2_wang:test:45,hexapeptide 03,-5.8200002,-6.1349163055419922,-0.31491610554199218,5
caco2_wang:test:46,hexapeptide 05,-5.8200002,-6.1349163055419922,-0.31491610554199218,5
caco2_wang:test:47,hexapeptide 06,-5.8200002,-6.1349163055419922,-0.31491610554199218,5
caco2_wang:test:48,hexapeptide 07,-5.8200002,-5.6824092864990234,0.13759091350097649,5
caco2_wang:test:49,hexapeptide 08,-5.8200002,-5.6929335594177246,0.12706664058227529,5
caco2_wang:test:50,hexapeptide 09,-5.3000002000000004,-5.7161750793457031,-0.41617487934570269,5
caco2_wang:test:51,hexapeptide 12,-5.8200002,-5.6824092864990234,0.13759091350097649,5
caco2_wang:test:52,hexapeptide 13,-5.8200002,-5.6929335594177246,0.12706664058227529,5
caco2_wang:test:53,hexapeptide 14,-5.8200002,-5.7161750793457031,0.1038251206542968,5
caco2_wang:test:54,hexapeptide 18,-5.3000002000000004,-5.7161750793457031,-0.41617487934570269,5
caco2_wang:test:55,hexapeptide 20,-5.8200002,-5.6929335594177246,0.12706664058227529,5
caco2_wang:test:56,hexapeptide 22,-5.8200002,-5.4535350799560547,0.36646512004394521,5
caco2_wang:test:57,hexapeptide 23,-5.8200002,-5.4713468551635742,0.34865334483642568,5
caco2_wang:test:58,hexapeptide 24,-5.8200002,-5.4713468551635742,0.34865334483642568,5
caco2_wang:test:59,hexapeptide 25,-5.8200002,-5.4535350799560547,0.36646512004394521,5
caco2_wang:test:60,hexapeptide 26,-5.3000002000000004,-5.4713468551635742,-0.17134665516357381,5
caco2_wang:test:61,hexapeptide 27,-5.3000002000000004,-5.4713468551635742,-0.17134665516357381,5
caco2_wang:test:62,hexapeptide 28,-5,-5.4713468551635742,-0.47134685516357422,5
caco2_wang:test:63,hexapeptide 29,-5.8200002,-5.4713468551635742,0.34865334483642568,5
caco2_wang:test:64,hexapeptide 32,-5.8200002,-5.4713468551635742,0.34865334483642568,5
caco2_wang:test:65,hexapeptide 33,-5.8200002,-5.4713468551635742,0.34865334483642568,5
caco2_wang:test:66,hexapeptide 34,-5.8200002,-5.4713468551635742,0.34865334483642568,5
caco2_wang:test:67,hexapeptide 37,-5.8200002,-5.4535350799560547,0.36646512004394521,5
caco2_wang:test:68,hexapeptide 38,-5.8200002,-5.4713468551635742,0.34865334483642568,5
caco2_wang:test:69,hexapeptide 41,-5.2600002000000003,-5.2207756042480469,0.039224595751953403,5
caco2_wang:test:70,hexapeptide 42,-5.8200002,-5.2693648338317871,0.55063536616821285,5
caco2_wang:test:71,hexapeptide 47,-5.3000002000000004,-5.2693648338317871,0.030635366168213201,5
caco2_wang:test:72,hexapeptide 48,-5.3000002000000004,-5.2796006202697754,0.020399579730224899,5
caco2_wang:test:73,hexapeptide 52,-4.6999997999999996,-5.2693648338317871,-0.56936503383178749,5
caco2_wang:test:74,hexapeptide 53,-5.3000002000000004,-5.2207756042480469,0.079224595751953494,5
caco2_wang:test:75,hexapeptide 54,-5,-5.2796006202697754,-0.27960062026977539,5
caco2_wang:test:76,hexapeptide 55,-5.3000002000000004,-5.2693648338317871,0.030635366168213201,5
caco2_wang:test:77,hexapeptide 56,-5.0999999000000003,-4.9040946960449219,0.19590520395507829,5
caco2_wang:test:78,hexapeptide 57,-5.1500000999999997,-4.9040946960449219,0.24590540395507779,5
caco2_wang:test:79,hexapeptide 58,-5.3000002000000004,-4.9040946960449219,0.39590550395507851,5
caco2_wang:test:80,hexapeptide 59,-5.3000002000000004,-4.9040946960449219,0.39590550395507851,5
caco2_wang:test:81,hexapeptide 60,-5.3000002000000004,-4.9040946960449219,0.39590550395507851,5
caco2_wang:test:82,hexapeptide 04,-5.8200002,-6.1349163055419922,-0.31491610554199218,5
caco2_wang:test:83,hexapeptide 15,-5.8200002,-5.6929335594177246,0.12706664058227529,5
caco2_wang:test:84,hexapeptide 16,-5.3000002000000004,-5.6824092864990234,-0.382409086499023,5
caco2_wang:test:85,hexapeptide 19,-5.8200002,-5.6824092864990234,0.13759091350097649,5
caco2_wang:test:86,hexapeptide 43,-5.8200002,-5.2207756042480469,0.59922459575195308,5
caco2_wang:test:87,hexapeptide 51,-5.3000002000000004,-5.2693648338317871,0.030635366168213201,5
caco2_wang:test:88,Chlorprothixene,-4.7399997999999997,-4.3405327796936044,0.39946702030639519,5
caco2_wang:test:89,3,-6.0107207000000002,-5.7229042053222656,0.28781649467773462,5
caco2_wang:test:90,Pyrimethamine,-4.2300000000000004,-4.6635293960571289,-0.43352939605712848,5
caco2_wang:test:91,Stavudine (d4T),-5.3483939000000005,-4.9436917304992676,0.4047021695007329,5
caco2_wang:test:92,PNU200001,-6.6999997999999996,-6.6941757202148438,0.0058240797851558,5
caco2_wang:test:93,PNU200969,-6.1524510000000001,-6.6739840507507324,-0.52153305075073231,5
caco2_wang:test:94,PNU200969,-6.1500000999999997,-6.6761550903320312,-0.5261549903320315,5
caco2_wang:test:95,"Apigenin (5,7,4'-THF)",-4.9821800999999999,-5.1058459281921387,-0.1236658281921387,5
caco2_wang:test:96,"7,4'-DMF",-4.6010299000000003,-4.3863034248352051,0.21472647516479521,5
caco2_wang:test:97,Kaempferol (16),-4.9899997999999997,-5.5635271072387695,-0.57352730723876988,5
caco2_wang:test:98,Tamarixetin (17),-5.0013065000000001,-5.5296478271484375,-0.5283413271484374,5
caco2_wang:test:99,Apometzgerin (2),-4.9499997999999996,-5.1313557624816895,-0.18135596248168981,5
caco2_wang:test:100,kaempferide ,-5.1900000999999998,-5.1166863441467285,0.073313755853271198,5
caco2_wang:test:101,7-MF,-4.6479458999999999,-4.3711404800415039,0.27680541995849589,5
caco2_wang:test:102,"5,7-DMF",-4.6313224000000002,-4.4113054275512695,0.22001697244873061,5
caco2_wang:test:103,"5,7,4'-TMF",-4.5595455000000005,-4.4548826217651367,0.1046628782348637,5
caco2_wang:test:104,"7,4'-DHF",-5.2123350999999998,-4.6121048927307129,0.60023020726928689,5
caco2_wang:test:105,Flavone,-3.9201082999999999,-4.330437183380127,-0.41032888338012707,5
caco2_wang:test:106,"Chrysin (5,7-DHF)",-5.0105972000000003,-4.6408228874206543,0.36977431257934601,5
caco2_wang:test:107,Icajine (Ica),-4.5816797999999999,-4.8929877281188965,-0.31130792811889663,5
caco2_wang:test:108,Astilbin,-6.8200002000000008,-6.4774255752563477,0.34257462474365319,5
caco2_wang:test:109,Phenobarbital,-4.6300000999999984,-4.5261869430541992,0.1038131569457991,5
caco2_wang:test:110,74,-5.6989698000000004,-5.5240483283996582,0.17492147160034219,5
caco2_wang:test:111,884-14b,-5.050365900000001,-4.9510707855224609,0.099295114477539997,5
caco2_wang:test:112,"883-(cis)-[2-(E-Phenylvinyl)-1,3-dioxan-5-yl]phenylacetamide (14a)",-5.0498786000000004,-4.7834644317626953,0.26641416823730513,5
caco2_wang:test:113,carboxamido 28,-4.0599998999999984,-4.7703266143798828,-0.71032671437988437,5
caco2_wang:test:114,MEN14970,-4.9309067999999998,-5.0521149635314941,-0.1212081635314943,5
caco2_wang:test:115,Pranoprofen; pyranoprofen,-4.3899999000000003,-4.5491228103637695,-0.15912291036376919,5
caco2_wang:test:116,D,-5.489058,-5.2916336059570312,0.19742439404296869,5
caco2_wang:test:117,13h,-5.3600000999999997,-5.3325366973876953,0.027463402612304399,5
caco2_wang:test:118,13i,-5.5900002000000004,-5.3984003067016602,0.19159989329834021,5
caco2_wang:test:119,13j,-5.2450004000000003,-5.2645044326782227,-0.019504032678222299,5
caco2_wang:test:120,Ceftriaxone,-6.6047130000000003,-6.4172701835632324,0.1874428164367678,5
caco2_wang:test:121,ceftriaxone,-6.7649999000000012,-6.4172701835632324,0.3477297164367687,5
caco2_wang:test:122,SDZ-RAD,-4.6300000999999984,-5.1220221519470215,-0.49202205194702309,5
caco2_wang:test:123,creatinine,-5.9354090999999976,-5.1409931182861328,0.79441598171386474,5
caco2_wang:test:124,Efavirenz,-4.0500002000000004,-4.5648493766784668,-0.51484917667846641,5
caco2_wang:test:125,25,-5.3099999000000002,-5.203178882598877,0.10682101740112319,5
caco2_wang:test:126,Salvianolic acid A (SAA),-7.2277411999999996,-6.2268052101135254,1.0009359898864745,5
caco2_wang:test:127,234-Cortisone,-4.5086384000000015,-4.7838287353515625,-0.27519033535156101,5
caco2_wang:test:128,PNU-184147,-4.7423639,-4.7163467407226562,0.026017159277343702,5
caco2_wang:test:129,PNU-184249,-4.4579659000000005,-4.7750039100646973,-0.31703801006469678,5
caco2_wang:test:130,3,-4.5418171999999997,-4.1647238731384277,0.37709332686157188,5
caco2_wang:test:131,(Z)-19b,-5.4000000999999997,-5.4365582466125488,-0.036558146612548997,5
caco2_wang:test:132,(Z)-19d,-5.4200000999999975,-5.2996225357055664,0.1203775642944311,5
caco2_wang:test:133,4b,-6,-5.5448899269104004,0.45511007308959961,5
caco2_wang:test:134,4c,-5.9000000999999997,-5.3751068115234375,0.52489328847656225,5
caco2_wang:test:135,4f,-6,-6.1043634414672852,-0.1043634414672851,5
caco2_wang:test:136,4g,-5.5,-5.1851181983947754,0.31488180160522461,5
caco2_wang:test:137,4h,-5.3000002000000004,-5.1288914680480957,0.1711087319519046,5
caco2_wang:test:138,4d,-5.5,-5.3747048377990723,0.12529516220092771,5
caco2_wang:test:139,Zearalenone (ZEN),-4.9800000000000004,-4.9523177146911621,0.0276822853088383,5
caco2_wang:test:140,17,-6.1883749999999997,-5.6464204788208008,0.54195452117919896,5
caco2_wang:test:141,34,-6.3723635999999999,-5.7410063743591309,0.63135722564086905,5
caco2_wang:test:142,DXG (9),-6.1599997999999996,-6.9189934730529785,-0.75899367305297893,5
caco2_wang:test:143,EF5264,-4.5100002000000003,-4.2882981300354004,0.2217020699645999,5
caco2_wang:test:144,1,-4.7597256000000003,-4.8563089370727539,-0.096583337072753503,5
caco2_wang:test:145,Roxithromycin,-5.7397189000000015,-5.7098445892333984,0.029874310766603001,5
caco2_wang:test:146,205-Fluoxetine,-4.9299622000000003,-4.5827732086181641,0.34718899138183618,5
caco2_wang:test:147,Fluoxetine,-4.5500002000000004,-4.4674553871154794,0.082544812884520896,5
caco2_wang:test:148,1029-Dihydrotetrabenazine isomer,-4.5986857000000008,-4.510221004486084,0.088464695513916697,5
caco2_wang:test:149,Dihydrotetrabenazine isomer A,-4.6799998,-4.510221004486084,0.169778795513916,5
caco2_wang:test:150,Oxacillin,-4.8797115999999994,-5.5606517791748047,-0.68094017917480532,5
caco2_wang:test:151,oxacillin,-5.5799999000000025,-5.5763139724731445,0.0036859275268579001,5
caco2_wang:test:152,elarofiban,-6.21,-5.5577812194824219,0.65221878051757809,5
caco2_wang:test:153,hesperetin ,-4.7399997999999997,-4.9516801834106445,-0.2116803834106448,5
caco2_wang:test:154,naringenin,-4.6550001999999999,-4.9246506690979004,-0.26965046909790041,5
caco2_wang:test:155,Eriodictyol (28),-5.2800001999999999,-5.3498897552490234,-0.069889555249023502,5
caco2_wang:test:156,Liquiritigenin (LG),-4.8000002000000004,-4.6109013557434082,0.1890988442565921,5
caco2_wang:test:157,eriodictyol ,-5.2800001999999999,-5.3498897552490234,-0.069889555249023502,5
caco2_wang:test:158,Taxifolin (29),-6.5093192999999996,-6.3015785217285156,0.20774077827148391,5
caco2_wang:test:159,PNU-184421,-4.3783754999999998,-4.596825122833252,-0.2184496228332522,5
caco2_wang:test:160,26,-4.6900000999999998,-5.1269631385803223,-0.43696303858032248,5
caco2_wang:test:161,N-desmethylclozapine,-4.6799998,-4.8002281188964844,-0.1202283188964843,5
caco2_wang:test:162,clozapine,-4.5100002000000003,-4.5242805480957031,-0.014280348095702699,5
caco2_wang:test:163,Pseudostrychnine (Psd),-4.6001629999999984,-5.0070900917053223,-0.40692709170532382,5
caco2_wang:test:164,Beta-colubrine (Col),-4.5717444,-4.9158940315246582,-0.34414963152465811,5
caco2_wang:test:165,Strychnine (Str),-4.5086198,-4.9255208969116211,-0.41690109691162108,5
caco2_wang:test:166,Brucine (Bru),-4.7786422000000002,-4.9676599502563477,-0.1890177502563474,5
caco2_wang:test:167,5d,-6.0999999000000003,-5.6044979095458984,0.49550199045410181,5
caco2_wang:test:168,Org 34037,-4.7199998000000001,-4.5745720863342285,0.14542771366577151,5
caco2_wang:test:169,Pravastatin,-5.8699999000000025,-5.6444005966186523,0.22559930338135009,5
caco2_wang:test:170,pravastatin,-5.8400002000000004,-5.6444005966186523,0.19559960338134799,5
caco2_wang:test:171,Alfuzosin,-5.6399999000000003,-5.3225517272949219,0.31744817270507841,5
caco2_wang:test:172,ursolic acid,-5.5500002000000004,-5.6498408317565918,-0.0998406317565914,5
caco2_wang:test:173,Amitriptyline,-4.2600002000000003,-4.7511601448059082,-0.4911599448059078,5
caco2_wang:test:174,732-Amitriptyline,-3.9006647999999999,-4.7511601448059082,-0.85049534480590827,5
caco2_wang:test:175,Astemizole,-5.1500000999999997,-5.0014820098876953,0.14851809011230441,5
caco2_wang:test:176,Digoxin,-5.6316041999999999,-6.265378475189209,-0.63377427518920904,5
caco2_wang:test:177,Trimethobenzamide,-4.96,-4.6192646026611328,0.3407353973388671,5
caco2_wang:test:178,EF5261,-4.4000000999999997,-4.7362055778503418,-0.33620547785034199,5
caco2_wang:test:179,puerarin ,-6.4000000999999997,-6.3353796005249023,0.064620499475097404,5
caco2_wang:test:180,Puerarin (34),-6.3989700999999997,-6.3353796005249023,0.063590499475097303,5
caco2_wang:test:181,E28,-5.1500000999999997,-5.0177030563354492,0.1322970436645505,5
